date,actual,pred,benchmark_pred,model,target,target_col,horizon,split
2021-09-01,5.259014346055935,2.832873030516403,2.832873030516403,Persistence,Wage,wage_target_3,3,Pre to Post
2022-08-01,4.658342565893037,2.832873030516403,2.832873030516403,Persistence,Wage,wage_target_3,3,Pre to Post
2023-01-01,4.936104776010097,2.832873030516403,2.832873030516403,Persistence,Wage,wage_target_3,3,Pre to Post
2023-04-01,4.994119570510769,2.832873030516403,2.832873030516403,Persistence,Wage,wage_target_3,3,Pre to Post
2023-08-01,3.2912322032961683,2.832873030516403,2.832873030516403,Persistence,Wage,wage_target_3,3,Pre to Post
2023-09-01,3.2796669822900526,2.832873030516403,2.832873030516403,Persistence,Wage,wage_target_3,3,Pre to Post
2023-10-01,4.551471427063625,2.832873030516403,2.832873030516403,Persistence,Wage,wage_target_3,3,Pre to Post
2024-03-01,4.13440373226468,2.832873030516403,2.832873030516403,Persistence,Wage,wage_target_3,3,Pre to Post
2024-06-01,3.752692769990595,2.832873030516403,2.832873030516403,Persistence,Wage,wage_target_3,3,Pre to Post
2024-07-01,4.30965325683168,2.832873030516403,2.832873030516403,Persistence,Wage,wage_target_3,3,Pre to Post
2024-09-01,3.9420282442073074,2.832873030516403,2.832873030516403,Persistence,Wage,wage_target_3,3,Pre to Post
2024-11-01,3.8020973989711497,2.832873030516403,2.832873030516403,Persistence,Wage,wage_target_3,3,Pre to Post
2024-12-01,4.679719114919045,2.832873030516403,2.832873030516403,Persistence,Wage,wage_target_3,3,Pre to Post
2025-02-01,3.766297556609288,2.832873030516403,2.832873030516403,Persistence,Wage,wage_target_3,3,Pre to Post
2025-06-01,3.7229943004986055,2.832873030516403,2.832873030516403,Persistence,Wage,wage_target_3,3,Pre to Post
2025-09-01,3.472620833930762,2.832873030516403,2.832873030516403,Persistence,Wage,wage_target_3,3,Pre to Post
2021-09-01,5.259014346055935,4.341979426724722,2.832873030516403,AR,Wage,wage_target_3,3,Pre to Post
2022-08-01,4.658342565893037,3.521807848686471,2.832873030516403,AR,Wage,wage_target_3,3,Pre to Post
2023-01-01,4.936104776010097,3.2593919177821027,2.832873030516403,AR,Wage,wage_target_3,3,Pre to Post
2023-04-01,4.994119570510769,3.873029201405065,2.832873030516403,AR,Wage,wage_target_3,3,Pre to Post
2023-08-01,3.2912322032961683,2.4980825184943507,2.832873030516403,AR,Wage,wage_target_3,3,Pre to Post
2023-09-01,3.2796669822900526,2.8449299340546457,2.832873030516403,AR,Wage,wage_target_3,3,Pre to Post
2023-10-01,4.551471427063625,2.8380440718731084,2.832873030516403,AR,Wage,wage_target_3,3,Pre to Post
2024-03-01,4.13440373226468,3.424440755218776,2.832873030516403,AR,Wage,wage_target_3,3,Pre to Post
2024-06-01,3.752692769990595,3.1273294013483706,2.832873030516403,AR,Wage,wage_target_3,3,Pre to Post
2024-07-01,4.30965325683168,3.119680746234673,2.832873030516403,AR,Wage,wage_target_3,3,Pre to Post
2024-09-01,3.9420282442073074,3.441146509677143,2.832873030516403,AR,Wage,wage_target_3,3,Pre to Post
2024-11-01,3.8020973989711497,3.4239402616691113,2.832873030516403,AR,Wage,wage_target_3,3,Pre to Post
2024-12-01,4.679719114919045,3.149095961569527,2.832873030516403,AR,Wage,wage_target_3,3,Pre to Post
2025-02-01,3.766297556609288,2.738725933790155,2.832873030516403,AR,Wage,wage_target_3,3,Pre to Post
2025-06-01,3.7229943004986055,3.106863600136936,2.832873030516403,AR,Wage,wage_target_3,3,Pre to Post
2025-09-01,3.472620833930762,3.343939786447236,2.832873030516403,AR,Wage,wage_target_3,3,Pre to Post
2021-09-01,5.259014346055935,3.5712745421127963,2.832873030516403,OLS,Wage,wage_target_3,3,Pre to Post
2022-08-01,4.658342565893037,3.665035683208581,2.832873030516403,OLS,Wage,wage_target_3,3,Pre to Post
2023-01-01,4.936104776010097,3.8177005581797543,2.832873030516403,OLS,Wage,wage_target_3,3,Pre to Post
2023-04-01,4.994119570510769,4.0957506395687115,2.832873030516403,OLS,Wage,wage_target_3,3,Pre to Post
2023-08-01,3.2912322032961683,3.5271688607032274,2.832873030516403,OLS,Wage,wage_target_3,3,Pre to Post
2023-09-01,3.2796669822900526,3.65761058437279,2.832873030516403,OLS,Wage,wage_target_3,3,Pre to Post
2023-10-01,4.551471427063625,3.6099305918141815,2.832873030516403,OLS,Wage,wage_target_3,3,Pre to Post
2024-03-01,4.13440373226468,3.766498996091091,2.832873030516403,OLS,Wage,wage_target_3,3,Pre to Post
2024-06-01,3.752692769990595,3.569357127727707,2.832873030516403,OLS,Wage,wage_target_3,3,Pre to Post
2024-07-01,4.30965325683168,3.548696633982841,2.832873030516403,OLS,Wage,wage_target_3,3,Pre to Post
2024-09-01,3.9420282442073074,3.631997027756917,2.832873030516403,OLS,Wage,wage_target_3,3,Pre to Post
2024-11-01,3.8020973989711497,3.5810322272696036,2.832873030516403,OLS,Wage,wage_target_3,3,Pre to Post
2024-12-01,4.679719114919045,3.4540273145189464,2.832873030516403,OLS,Wage,wage_target_3,3,Pre to Post
2025-02-01,3.766297556609288,3.26236535216042,2.832873030516403,OLS,Wage,wage_target_3,3,Pre to Post
2025-06-01,3.7229943004986055,3.414005812814447,2.832873030516403,OLS,Wage,wage_target_3,3,Pre to Post
2025-09-01,3.472620833930762,3.4361955163732665,2.832873030516403,OLS,Wage,wage_target_3,3,Pre to Post
2021-09-01,5.259014346055935,3.5714108693628726,2.832873030516403,Ridge,Wage,wage_target_3,3,Pre to Post
2022-08-01,4.658342565893037,3.6559059974127006,2.832873030516403,Ridge,Wage,wage_target_3,3,Pre to Post
2023-01-01,4.936104776010097,3.805416705341324,2.832873030516403,Ridge,Wage,wage_target_3,3,Pre to Post
2023-04-01,4.994119570510769,4.0855600970207275,2.832873030516403,Ridge,Wage,wage_target_3,3,Pre to Post
2023-08-01,3.2912322032961683,3.5135141650022774,2.832873030516403,Ridge,Wage,wage_target_3,3,Pre to Post
2023-09-01,3.2796669822900526,3.6453893554715977,2.832873030516403,Ridge,Wage,wage_target_3,3,Pre to Post
2023-10-01,4.551471427063625,3.598196359549461,2.832873030516403,Ridge,Wage,wage_target_3,3,Pre to Post
2024-03-01,4.13440373226468,3.759318253424638,2.832873030516403,Ridge,Wage,wage_target_3,3,Pre to Post
2024-06-01,3.752692769990595,3.56260023026399,2.832873030516403,Ridge,Wage,wage_target_3,3,Pre to Post
2024-07-01,4.30965325683168,3.5422880895765014,2.832873030516403,Ridge,Wage,wage_target_3,3,Pre to Post
2024-09-01,3.9420282442073074,3.6272913997832705,2.832873030516403,Ridge,Wage,wage_target_3,3,Pre to Post
2024-11-01,3.8020973989711497,3.5769014817650846,2.832873030516403,Ridge,Wage,wage_target_3,3,Pre to Post
2024-12-01,4.679719114919045,3.4489698650217906,2.832873030516403,Ridge,Wage,wage_target_3,3,Pre to Post
2025-02-01,3.766297556609288,3.25618578519059,2.832873030516403,Ridge,Wage,wage_target_3,3,Pre to Post
2025-06-01,3.7229943004986055,3.4087586227088726,2.832873030516403,Ridge,Wage,wage_target_3,3,Pre to Post
2025-09-01,3.472620833930762,3.4333343976798485,2.832873030516403,Ridge,Wage,wage_target_3,3,Pre to Post
2021-09-01,5.259014346055935,3.5716365865229682,2.832873030516403,Lasso,Wage,wage_target_3,3,Pre to Post
2022-08-01,4.658342565893037,3.6030220359996328,2.832873030516403,Lasso,Wage,wage_target_3,3,Pre to Post
2023-01-01,4.936104776010097,3.7301411888759026,2.832873030516403,Lasso,Wage,wage_target_3,3,Pre to Post
2023-04-01,4.994119570510769,4.007510501179,2.832873030516403,Lasso,Wage,wage_target_3,3,Pre to Post
2023-08-01,3.2912322032961683,3.4377031712790624,2.832873030516403,Lasso,Wage,wage_target_3,3,Pre to Post
2023-09-01,3.2796669822900526,3.57170621967341,2.832873030516403,Lasso,Wage,wage_target_3,3,Pre to Post
2023-10-01,4.551471427063625,3.524099709682214,2.832873030516403,Lasso,Wage,wage_target_3,3,Pre to Post
2024-03-01,4.13440373226468,3.704751292928222,2.832873030516403,Lasso,Wage,wage_target_3,3,Pre to Post
2024-06-01,3.752692769990595,3.513454883040761,2.832873030516403,Lasso,Wage,wage_target_3,3,Pre to Post
2024-07-01,4.30965325683168,3.49502808338178,2.832873030516403,Lasso,Wage,wage_target_3,3,Pre to Post
2024-09-01,3.9420282442073074,3.5842725700156195,2.832873030516403,Lasso,Wage,wage_target_3,3,Pre to Post
2024-11-01,3.8020973989711497,3.5429424605283324,2.832873030516403,Lasso,Wage,wage_target_3,3,Pre to Post
2024-12-01,4.679719114919045,3.4149960162987347,2.832873030516403,Lasso,Wage,wage_target_3,3,Pre to Post
2025-02-01,3.766297556609288,3.2235412848697456,2.832873030516403,Lasso,Wage,wage_target_3,3,Pre to Post
2025-06-01,3.7229943004986055,3.373324317867318,2.832873030516403,Lasso,Wage,wage_target_3,3,Pre to Post
2025-09-01,3.472620833930762,3.4081188183107427,2.832873030516403,Lasso,Wage,wage_target_3,3,Pre to Post
2021-09-01,5.259014346055935,3.5694001347636473,2.832873030516403,ElasticNet,Wage,wage_target_3,3,Pre to Post
2022-08-01,4.658342565893037,3.60727182242927,2.832873030516403,ElasticNet,Wage,wage_target_3,3,Pre to Post
2023-01-01,4.936104776010097,3.7377001645316237,2.832873030516403,ElasticNet,Wage,wage_target_3,3,Pre to Post
2023-04-01,4.994119570510769,4.016953618485896,2.832873030516403,ElasticNet,Wage,wage_target_3,3,Pre to Post
2023-08-01,3.2912322032961683,3.4450621298194974,2.832873030516403,ElasticNet,Wage,wage_target_3,3,Pre to Post
2023-09-01,3.2796669822900526,3.5793911203449107,2.832873030516403,ElasticNet,Wage,wage_target_3,3,Pre to Post
2023-10-01,4.551471427063625,3.5323402275711553,2.832873030516403,ElasticNet,Wage,wage_target_3,3,Pre to Post
2024-03-01,4.13440373226468,3.7112989016210127,2.832873030516403,ElasticNet,Wage,wage_target_3,3,Pre to Post
2024-06-01,3.752692769990595,3.5193193611537397,2.832873030516403,ElasticNet,Wage,wage_target_3,3,Pre to Post
2024-07-01,4.30965325683168,3.500722960155117,2.832873030516403,ElasticNet,Wage,wage_target_3,3,Pre to Post
2024-09-01,3.9420282442073074,3.590015061477514,2.832873030516403,ElasticNet,Wage,wage_target_3,3,Pre to Post
2024-11-01,3.8020973989711497,3.5468578249418643,2.832873030516403,ElasticNet,Wage,wage_target_3,3,Pre to Post
2024-12-01,4.679719114919045,3.418405692419002,2.832873030516403,ElasticNet,Wage,wage_target_3,3,Pre to Post
2025-02-01,3.766297556609288,3.2260780501920223,2.832873030516403,ElasticNet,Wage,wage_target_3,3,Pre to Post
2025-06-01,3.7229943004986055,3.376995485809894,2.832873030516403,ElasticNet,Wage,wage_target_3,3,Pre to Post
2025-09-01,3.472620833930762,3.4109905612626505,2.832873030516403,ElasticNet,Wage,wage_target_3,3,Pre to Post
2021-09-01,5.259014346055935,3.4785512235592644,2.832873030516403,Huber,Wage,wage_target_3,3,Pre to Post
2022-08-01,4.658342565893037,3.5819072351130874,2.832873030516403,Huber,Wage,wage_target_3,3,Pre to Post
2023-01-01,4.936104776010097,3.7306674063939904,2.832873030516403,Huber,Wage,wage_target_3,3,Pre to Post
2023-04-01,4.994119570510769,3.982697926638541,2.832873030516403,Huber,Wage,wage_target_3,3,Pre to Post
2023-08-01,3.2912322032961683,3.4656986073592955,2.832873030516403,Huber,Wage,wage_target_3,3,Pre to Post
2023-09-01,3.2796669822900526,3.5833111299979135,2.832873030516403,Huber,Wage,wage_target_3,3,Pre to Post
2023-10-01,4.551471427063625,3.536602702281059,2.832873030516403,Huber,Wage,wage_target_3,3,Pre to Post
2024-03-01,4.13440373226468,3.674760934277113,2.832873030516403,Huber,Wage,wage_target_3,3,Pre to Post
2024-06-01,3.752692769990595,3.4910589748585537,2.832873030516403,Huber,Wage,wage_target_3,3,Pre to Post
2024-07-01,4.30965325683168,3.4712498835983316,2.832873030516403,Huber,Wage,wage_target_3,3,Pre to Post
2024-09-01,3.9420282442073074,3.5442594334338713,2.832873030516403,Huber,Wage,wage_target_3,3,Pre to Post
2024-11-01,3.8020973989711497,3.497534754434621,2.832873030516403,Huber,Wage,wage_target_3,3,Pre to Post
2024-12-01,4.679719114919045,3.3818460512019746,2.832873030516403,Huber,Wage,wage_target_3,3,Pre to Post
2025-02-01,3.766297556609288,3.207012962423282,2.832873030516403,Huber,Wage,wage_target_3,3,Pre to Post
2025-06-01,3.7229943004986055,3.3441180966134465,2.832873030516403,Huber,Wage,wage_target_3,3,Pre to Post
2025-09-01,3.472620833930762,3.3602401909504147,2.832873030516403,Huber,Wage,wage_target_3,3,Pre to Post
2021-09-01,5.259014346055935,2.115807637482861,2.832873030516403,RandomForest,Wage,wage_target_3,3,Pre to Post
2022-08-01,4.658342565893037,3.0988388555626654,2.832873030516403,RandomForest,Wage,wage_target_3,3,Pre to Post
2023-01-01,4.936104776010097,3.1037438595060602,2.832873030516403,RandomForest,Wage,wage_target_3,3,Pre to Post
2023-04-01,4.994119570510769,3.105524834909967,2.832873030516403,RandomForest,Wage,wage_target_3,3,Pre to Post
2023-08-01,3.2912322032961683,2.9036210454853815,2.832873030516403,RandomForest,Wage,wage_target_3,3,Pre to Post
2023-09-01,3.2796669822900526,3.1062651637135237,2.832873030516403,RandomForest,Wage,wage_target_3,3,Pre to Post
2023-10-01,4.551471427063625,3.071477394944027,2.832873030516403,RandomForest,Wage,wage_target_3,3,Pre to Post
2024-03-01,4.13440373226468,3.2886857180009503,2.832873030516403,RandomForest,Wage,wage_target_3,3,Pre to Post
2024-06-01,3.752692769990595,3.28764016673469,2.832873030516403,RandomForest,Wage,wage_target_3,3,Pre to Post
2024-07-01,4.30965325683168,3.28764016673469,2.832873030516403,RandomForest,Wage,wage_target_3,3,Pre to Post
2024-09-01,3.9420282442073074,3.2821447757139293,2.832873030516403,RandomForest,Wage,wage_target_3,3,Pre to Post
2024-11-01,3.8020973989711497,3.281371853069985,2.832873030516403,RandomForest,Wage,wage_target_3,3,Pre to Post
2024-12-01,4.679719114919045,3.2825497605346152,2.832873030516403,RandomForest,Wage,wage_target_3,3,Pre to Post
2025-02-01,3.766297556609288,3.347372565076514,2.832873030516403,RandomForest,Wage,wage_target_3,3,Pre to Post
2025-06-01,3.7229943004986055,3.2939536159076614,2.832873030516403,RandomForest,Wage,wage_target_3,3,Pre to Post
2025-09-01,3.472620833930762,3.304593661938235,2.832873030516403,RandomForest,Wage,wage_target_3,3,Pre to Post
2021-09-01,5.259014346055935,2.7045181685496584,2.832873030516403,GradientBoosting,Wage,wage_target_3,3,Pre to Post
2022-08-01,4.658342565893037,3.4509407418863516,2.832873030516403,GradientBoosting,Wage,wage_target_3,3,Pre to Post
2023-01-01,4.936104776010097,3.192659818244581,2.832873030516403,GradientBoosting,Wage,wage_target_3,3,Pre to Post
2023-04-01,4.994119570510769,3.4412052814007037,2.832873030516403,GradientBoosting,Wage,wage_target_3,3,Pre to Post
2023-08-01,3.2912322032961683,3.987140654642595,2.832873030516403,GradientBoosting,Wage,wage_target_3,3,Pre to Post
2023-09-01,3.2796669822900526,4.081464872060939,2.832873030516403,GradientBoosting,Wage,wage_target_3,3,Pre to Post
2023-10-01,4.551471427063625,4.056274541370222,2.832873030516403,GradientBoosting,Wage,wage_target_3,3,Pre to Post
2024-03-01,4.13440373226468,4.4529684429869,2.832873030516403,GradientBoosting,Wage,wage_target_3,3,Pre to Post
2024-06-01,3.752692769990595,4.319748855596241,2.832873030516403,GradientBoosting,Wage,wage_target_3,3,Pre to Post
2024-07-01,4.30965325683168,4.319748855596241,2.832873030516403,GradientBoosting,Wage,wage_target_3,3,Pre to Post
2024-09-01,3.9420282442073074,3.493978506438649,2.832873030516403,GradientBoosting,Wage,wage_target_3,3,Pre to Post
2024-11-01,3.8020973989711497,3.2395005540141155,2.832873030516403,GradientBoosting,Wage,wage_target_3,3,Pre to Post
2024-12-01,4.679719114919045,3.0506128713147422,2.832873030516403,GradientBoosting,Wage,wage_target_3,3,Pre to Post
2025-02-01,3.766297556609288,3.0477294598127176,2.832873030516403,GradientBoosting,Wage,wage_target_3,3,Pre to Post
2025-06-01,3.7229943004986055,3.2623613545208996,2.832873030516403,GradientBoosting,Wage,wage_target_3,3,Pre to Post
2025-09-01,3.472620833930762,3.30305634637897,2.832873030516403,GradientBoosting,Wage,wage_target_3,3,Pre to Post
2021-06-01,5.4904142126751765,9.509197117404788,9.509197117404788,Persistence,Wage,wage_target_6,6,Pre to Post
2021-09-01,5.224890959481687,9.509197117404788,9.509197117404788,Persistence,Wage,wage_target_6,6,Pre to Post
2021-11-01,5.495371768196655,9.509197117404788,9.509197117404788,Persistence,Wage,wage_target_6,6,Pre to Post
2022-05-01,4.436411105194882,9.509197117404788,9.509197117404788,Persistence,Wage,wage_target_6,6,Pre to Post
2022-07-01,4.161716868604248,9.509197117404788,9.509197117404788,Persistence,Wage,wage_target_6,6,Pre to Post
2022-09-01,4.2528941484486715,9.509197117404788,9.509197117404788,Persistence,Wage,wage_target_6,6,Pre to Post
2022-11-01,4.101470633815207,9.509197117404788,9.509197117404788,Persistence,Wage,wage_target_6,6,Pre to Post
2022-12-01,4.502666533793498,9.509197117404788,9.509197117404788,Persistence,Wage,wage_target_6,6,Pre to Post
2023-02-01,4.415453797417701,9.509197117404788,9.509197117404788,Persistence,Wage,wage_target_6,6,Pre to Post
2023-07-01,3.6300762340979458,9.509197117404788,9.509197117404788,Persistence,Wage,wage_target_6,6,Pre to Post
2023-11-01,4.170437814296424,9.509197117404788,9.509197117404788,Persistence,Wage,wage_target_6,6,Pre to Post
2023-12-01,4.155993698349025,9.509197117404788,9.509197117404788,Persistence,Wage,wage_target_6,6,Pre to Post
2024-03-01,3.9435482511276376,9.509197117404788,9.509197117404788,Persistence,Wage,wage_target_6,6,Pre to Post
2024-05-01,4.029076531860465,9.509197117404788,9.509197117404788,Persistence,Wage,wage_target_6,6,Pre to Post
2024-07-01,4.286684120549467,9.509197117404788,9.509197117404788,Persistence,Wage,wage_target_6,6,Pre to Post
2025-03-01,3.241383954231658,9.509197117404788,9.509197117404788,Persistence,Wage,wage_target_6,6,Pre to Post
2025-08-01,3.626130988872944,9.509197117404788,9.509197117404788,Persistence,Wage,wage_target_6,6,Pre to Post
2025-09-01,3.671809393378389,9.509197117404788,9.509197117404788,Persistence,Wage,wage_target_6,6,Pre to Post
2021-06-01,5.4904142126751765,6.337085259450588,9.509197117404788,AR,Wage,wage_target_6,6,Pre to Post
2021-09-01,5.224890959481687,6.383216352787102,9.509197117404788,AR,Wage,wage_target_6,6,Pre to Post
2021-11-01,5.495371768196655,5.484198635128884,9.509197117404788,AR,Wage,wage_target_6,6,Pre to Post
2022-05-01,4.436411105194882,4.998888527694519,9.509197117404788,AR,Wage,wage_target_6,6,Pre to Post
2022-07-01,4.161716868604248,4.614177168878954,9.509197117404788,AR,Wage,wage_target_6,6,Pre to Post
2022-09-01,4.2528941484486715,4.31107509063352,9.509197117404788,AR,Wage,wage_target_6,6,Pre to Post
2022-11-01,4.101470633815207,4.411681580790047,9.509197117404788,AR,Wage,wage_target_6,6,Pre to Post
2022-12-01,4.502666533793498,4.591351239371249,9.509197117404788,AR,Wage,wage_target_6,6,Pre to Post
2023-02-01,4.415453797417701,4.687284483952369,9.509197117404788,AR,Wage,wage_target_6,6,Pre to Post
2023-07-01,3.6300762340979458,4.089077224709828,9.509197117404788,AR,Wage,wage_target_6,6,Pre to Post
2023-11-01,4.170437814296424,3.833194851634667,9.509197117404788,AR,Wage,wage_target_6,6,Pre to Post
2023-12-01,4.155993698349025,4.078919426475857,9.509197117404788,AR,Wage,wage_target_6,6,Pre to Post
2024-03-01,3.9435482511276376,3.5901476451361107,9.509197117404788,AR,Wage,wage_target_6,6,Pre to Post
2024-05-01,4.029076531860465,4.07034429778605,9.509197117404788,AR,Wage,wage_target_6,6,Pre to Post
2024-07-01,4.286684120549467,4.164717590653901,9.509197117404788,AR,Wage,wage_target_6,6,Pre to Post
2025-03-01,3.241383954231658,3.564466678182646,9.509197117404788,AR,Wage,wage_target_6,6,Pre to Post
2025-08-01,3.626130988872944,3.6888484166613718,9.509197117404788,AR,Wage,wage_target_6,6,Pre to Post
2025-09-01,3.671809393378389,3.795819876792557,9.509197117404788,AR,Wage,wage_target_6,6,Pre to Post
2021-06-01,5.4904142126751765,6.380501275477996,9.509197117404788,OLS,Wage,wage_target_6,6,Pre to Post
2021-09-01,5.224890959481687,6.495417531101449,9.509197117404788,OLS,Wage,wage_target_6,6,Pre to Post
2021-11-01,5.495371768196655,5.714807231075906,9.509197117404788,OLS,Wage,wage_target_6,6,Pre to Post
2022-05-01,4.436411105194882,5.222959054349728,9.509197117404788,OLS,Wage,wage_target_6,6,Pre to Post
2022-07-01,4.161716868604248,4.795975284492525,9.509197117404788,OLS,Wage,wage_target_6,6,Pre to Post
2022-09-01,4.2528941484486715,4.457894960237024,9.509197117404788,OLS,Wage,wage_target_6,6,Pre to Post
2022-11-01,4.101470633815207,4.470536375508486,9.509197117404788,OLS,Wage,wage_target_6,6,Pre to Post
2022-12-01,4.502666533793498,4.629695348930999,9.509197117404788,OLS,Wage,wage_target_6,6,Pre to Post
2023-02-01,4.415453797417701,4.664742307482837,9.509197117404788,OLS,Wage,wage_target_6,6,Pre to Post
2023-07-01,3.6300762340979458,4.063227295077669,9.509197117404788,OLS,Wage,wage_target_6,6,Pre to Post
2023-11-01,4.170437814296424,3.800370667761221,9.509197117404788,OLS,Wage,wage_target_6,6,Pre to Post
2023-12-01,4.155993698349025,4.031799331872622,9.509197117404788,OLS,Wage,wage_target_6,6,Pre to Post
2024-03-01,3.9435482511276376,3.5833356315619618,9.509197117404788,OLS,Wage,wage_target_6,6,Pre to Post
2024-05-01,4.029076531860465,4.004268642416373,9.509197117404788,OLS,Wage,wage_target_6,6,Pre to Post
2024-07-01,4.286684120549467,4.058280932492696,9.509197117404788,OLS,Wage,wage_target_6,6,Pre to Post
2025-03-01,3.241383954231658,3.5568350505568294,9.509197117404788,OLS,Wage,wage_target_6,6,Pre to Post
2025-08-01,3.626130988872944,3.669328520147579,9.509197117404788,OLS,Wage,wage_target_6,6,Pre to Post
2025-09-01,3.671809393378389,3.7792327366754597,9.509197117404788,OLS,Wage,wage_target_6,6,Pre to Post
2021-06-01,5.4904142126751765,6.254324960239293,9.509197117404788,Ridge,Wage,wage_target_6,6,Pre to Post
2021-09-01,5.224890959481687,6.372362508330813,9.509197117404788,Ridge,Wage,wage_target_6,6,Pre to Post
2021-11-01,5.495371768196655,5.6242791884118475,9.509197117404788,Ridge,Wage,wage_target_6,6,Pre to Post
2022-05-01,4.436411105194882,5.1599426994357,9.509197117404788,Ridge,Wage,wage_target_6,6,Pre to Post
2022-07-01,4.161716868604248,4.755699831514658,9.509197117404788,Ridge,Wage,wage_target_6,6,Pre to Post
2022-09-01,4.2528941484486715,4.432406688570916,9.509197117404788,Ridge,Wage,wage_target_6,6,Pre to Post
2022-11-01,4.101470633815207,4.449672741916833,9.509197117404788,Ridge,Wage,wage_target_6,6,Pre to Post
2022-12-01,4.502666533793498,4.606066404186842,9.509197117404788,Ridge,Wage,wage_target_6,6,Pre to Post
2023-02-01,4.415453797417701,4.638165490410332,9.509197117404788,Ridge,Wage,wage_target_6,6,Pre to Post
2023-07-01,3.6300762340979458,4.057694762147806,9.509197117404788,Ridge,Wage,wage_target_6,6,Pre to Post
2023-11-01,4.170437814296424,3.8040007772205104,9.509197117404788,Ridge,Wage,wage_target_6,6,Pre to Post
2023-12-01,4.155993698349025,4.025759908253244,9.509197117404788,Ridge,Wage,wage_target_6,6,Pre to Post
2024-03-01,3.9435482511276376,3.59098709131705,9.509197117404788,Ridge,Wage,wage_target_6,6,Pre to Post
2024-05-01,4.029076531860465,3.994782961658424,9.509197117404788,Ridge,Wage,wage_target_6,6,Pre to Post
2024-07-01,4.286684120549467,4.043751522956125,9.509197117404788,Ridge,Wage,wage_target_6,6,Pre to Post
2025-03-01,3.241383954231658,3.552881076072348,9.509197117404788,Ridge,Wage,wage_target_6,6,Pre to Post
2025-08-01,3.626130988872944,3.6598496910903573,9.509197117404788,Ridge,Wage,wage_target_6,6,Pre to Post
2025-09-01,3.671809393378389,3.7651612207807634,9.509197117404788,Ridge,Wage,wage_target_6,6,Pre to Post
2021-06-01,5.4904142126751765,5.99174354771888,9.509197117404788,Lasso,Wage,wage_target_6,6,Pre to Post
2021-09-01,5.224890959481687,6.106569054791419,9.509197117404788,Lasso,Wage,wage_target_6,6,Pre to Post
2021-11-01,5.495371768196655,5.40665130100327,9.509197117404788,Lasso,Wage,wage_target_6,6,Pre to Post
2022-05-01,4.436411105194882,5.001917873235027,9.509197117404788,Lasso,Wage,wage_target_6,6,Pre to Post
2022-07-01,4.161716868604248,4.654584346295794,9.509197117404788,Lasso,Wage,wage_target_6,6,Pre to Post
2022-09-01,4.2528941484486715,4.371921043704686,9.509197117404788,Lasso,Wage,wage_target_6,6,Pre to Post
2022-11-01,4.101470633815207,4.419380843355109,9.509197117404788,Lasso,Wage,wage_target_6,6,Pre to Post
2022-12-01,4.502666533793498,4.5754650537844155,9.509197117404788,Lasso,Wage,wage_target_6,6,Pre to Post
2023-02-01,4.415453797417701,4.61368874225076,9.509197117404788,Lasso,Wage,wage_target_6,6,Pre to Post
2023-07-01,3.6300762340979458,4.079501797964954,9.509197117404788,Lasso,Wage,wage_target_6,6,Pre to Post
2023-11-01,4.170437814296424,3.846405247204538,9.509197117404788,Lasso,Wage,wage_target_6,6,Pre to Post
2023-12-01,4.155993698349025,4.051214871255642,9.509197117404788,Lasso,Wage,wage_target_6,6,Pre to Post
2024-03-01,3.9435482511276376,3.63829557661441,9.509197117404788,Lasso,Wage,wage_target_6,6,Pre to Post
2024-05-01,4.029076531860465,4.0162913371142706,9.509197117404788,Lasso,Wage,wage_target_6,6,Pre to Post
2024-07-01,4.286684120549467,4.0607746104704585,9.509197117404788,Lasso,Wage,wage_target_6,6,Pre to Post
2025-03-01,3.241383954231658,3.570115578873488,9.509197117404788,Lasso,Wage,wage_target_6,6,Pre to Post
2025-08-01,3.626130988872944,3.6679308825842085,9.509197117404788,Lasso,Wage,wage_target_6,6,Pre to Post
2025-09-01,3.671809393378389,3.763017338974522,9.509197117404788,Lasso,Wage,wage_target_6,6,Pre to Post
2021-06-01,5.4904142126751765,5.978867771989442,9.509197117404788,ElasticNet,Wage,wage_target_6,6,Pre to Post
2021-09-01,5.224890959481687,6.096200731322707,9.509197117404788,ElasticNet,Wage,wage_target_6,6,Pre to Post
2021-11-01,5.495371768196655,5.404351903530501,9.509197117404788,ElasticNet,Wage,wage_target_6,6,Pre to Post
2022-05-01,4.436411105194882,5.001237788857755,9.509197117404788,ElasticNet,Wage,wage_target_6,6,Pre to Post
2022-07-01,4.161716868604248,4.653362450817662,9.509197117404788,ElasticNet,Wage,wage_target_6,6,Pre to Post
2022-09-01,4.2528941484486715,4.3696340260121085,9.509197117404788,ElasticNet,Wage,wage_target_6,6,Pre to Post
2022-11-01,4.101470633815207,4.412178017129704,9.509197117404788,ElasticNet,Wage,wage_target_6,6,Pre to Post
2022-12-01,4.502666533793498,4.5664949327349165,9.509197117404788,ElasticNet,Wage,wage_target_6,6,Pre to Post
2023-02-01,4.415453797417701,4.601425336155538,9.509197117404788,ElasticNet,Wage,wage_target_6,6,Pre to Post
2023-07-01,3.6300762340979458,4.068799266619195,9.509197117404788,ElasticNet,Wage,wage_target_6,6,Pre to Post
2023-11-01,4.170437814296424,3.836246523964965,9.509197117404788,ElasticNet,Wage,wage_target_6,6,Pre to Post
2023-12-01,4.155993698349025,4.0393826967719235,9.509197117404788,ElasticNet,Wage,wage_target_6,6,Pre to Post
2024-03-01,3.9435482511276376,3.629691594661284,9.509197117404788,ElasticNet,Wage,wage_target_6,6,Pre to Post
2024-05-01,4.029076531860465,4.003531232629452,9.509197117404788,ElasticNet,Wage,wage_target_6,6,Pre to Post
2024-07-01,4.286684120549467,4.046091584987017,9.509197117404788,ElasticNet,Wage,wage_target_6,6,Pre to Post
2025-03-01,3.241383954231658,3.562336664748106,9.509197117404788,ElasticNet,Wage,wage_target_6,6,Pre to Post
2025-08-01,3.626130988872944,3.6590935969840954,9.509197117404788,ElasticNet,Wage,wage_target_6,6,Pre to Post
2025-09-01,3.671809393378389,3.7539263161554737,9.509197117404788,ElasticNet,Wage,wage_target_6,6,Pre to Post
2021-06-01,5.4904142126751765,4.214255337681263,9.509197117404788,Huber,Wage,wage_target_6,6,Pre to Post
2021-09-01,5.224890959481687,4.334992288608753,9.509197117404788,Huber,Wage,wage_target_6,6,Pre to Post
2021-11-01,5.495371768196655,4.036053624685358,9.509197117404788,Huber,Wage,wage_target_6,6,Pre to Post
2022-05-01,4.436411105194882,3.9505877767103335,9.509197117404788,Huber,Wage,wage_target_6,6,Pre to Post
2022-07-01,4.161716868604248,3.879419261822086,9.509197117404788,Huber,Wage,wage_target_6,6,Pre to Post
2022-09-01,4.2528941484486715,3.7975278362053673,9.509197117404788,Huber,Wage,wage_target_6,6,Pre to Post
2022-11-01,4.101470633815207,3.909296070453294,9.509197117404788,Huber,Wage,wage_target_6,6,Pre to Post
2022-12-01,4.502666533793498,4.022735823843612,9.509197117404788,Huber,Wage,wage_target_6,6,Pre to Post
2023-02-01,4.415453797417701,4.043148227493209,9.509197117404788,Huber,Wage,wage_target_6,6,Pre to Post
2023-07-01,3.6300762340979458,3.7990228875779986,9.509197117404788,Huber,Wage,wage_target_6,6,Pre to Post
2023-11-01,4.170437814296424,3.6908943597266033,9.509197117404788,Huber,Wage,wage_target_6,6,Pre to Post
2023-12-01,4.155993698349025,3.7785544067620065,9.509197117404788,Huber,Wage,wage_target_6,6,Pre to Post
2024-03-01,3.9435482511276376,3.557445462066241,9.509197117404788,Huber,Wage,wage_target_6,6,Pre to Post
2024-05-01,4.029076531860465,3.7225424087305603,9.509197117404788,Huber,Wage,wage_target_6,6,Pre to Post
2024-07-01,4.286684120549467,3.716189914582502,9.509197117404788,Huber,Wage,wage_target_6,6,Pre to Post
2025-03-01,3.241383954231658,3.3767411866530015,9.509197117404788,Huber,Wage,wage_target_6,6,Pre to Post
2025-08-01,3.626130988872944,3.4112146905920913,9.509197117404788,Huber,Wage,wage_target_6,6,Pre to Post
2025-09-01,3.671809393378389,3.4478065063518635,9.509197117404788,Huber,Wage,wage_target_6,6,Pre to Post
2021-06-01,5.4904142126751765,3.5169805828140888,9.509197117404788,RandomForest,Wage,wage_target_6,6,Pre to Post
2021-09-01,5.224890959481687,3.5822285507417564,9.509197117404788,RandomForest,Wage,wage_target_6,6,Pre to Post
2021-11-01,5.495371768196655,3.5822285507417564,9.509197117404788,RandomForest,Wage,wage_target_6,6,Pre to Post
2022-05-01,4.436411105194882,3.943966151394632,9.509197117404788,RandomForest,Wage,wage_target_6,6,Pre to Post
2022-07-01,4.161716868604248,4.024763398826078,9.509197117404788,RandomForest,Wage,wage_target_6,6,Pre to Post
2022-09-01,4.2528941484486715,4.003788252173403,9.509197117404788,RandomForest,Wage,wage_target_6,6,Pre to Post
2022-11-01,4.101470633815207,4.003788252173403,9.509197117404788,RandomForest,Wage,wage_target_6,6,Pre to Post
2022-12-01,4.502666533793498,4.003788252173403,9.509197117404788,RandomForest,Wage,wage_target_6,6,Pre to Post
2023-02-01,4.415453797417701,4.008794365088092,9.509197117404788,RandomForest,Wage,wage_target_6,6,Pre to Post
2023-07-01,3.6300762340979458,4.001640686824439,9.509197117404788,RandomForest,Wage,wage_target_6,6,Pre to Post
2023-11-01,4.170437814296424,4.001640686824439,9.509197117404788,RandomForest,Wage,wage_target_6,6,Pre to Post
2023-12-01,4.155993698349025,4.000427750197303,9.509197117404788,RandomForest,Wage,wage_target_6,6,Pre to Post
2024-03-01,3.9435482511276376,3.9378345371567476,9.509197117404788,RandomForest,Wage,wage_target_6,6,Pre to Post
2024-05-01,4.029076531860465,3.996940602238006,9.509197117404788,RandomForest,Wage,wage_target_6,6,Pre to Post
2024-07-01,4.286684120549467,3.9126020742137984,9.509197117404788,RandomForest,Wage,wage_target_6,6,Pre to Post
2025-03-01,3.241383954231658,3.811945709620772,9.509197117404788,RandomForest,Wage,wage_target_6,6,Pre to Post
2025-08-01,3.626130988872944,3.880937736662056,9.509197117404788,RandomForest,Wage,wage_target_6,6,Pre to Post
2025-09-01,3.671809393378389,3.8915051727139724,9.509197117404788,RandomForest,Wage,wage_target_6,6,Pre to Post
2021-06-01,5.4904142126751765,9.071972508886248,9.509197117404788,GradientBoosting,Wage,wage_target_6,6,Pre to Post
2021-09-01,5.224890959481687,9.030046290915383,9.509197117404788,GradientBoosting,Wage,wage_target_6,6,Pre to Post
2021-11-01,5.495371768196655,9.030046290915383,9.509197117404788,GradientBoosting,Wage,wage_target_6,6,Pre to Post
2022-05-01,4.436411105194882,9.260988560861739,9.509197117404788,GradientBoosting,Wage,wage_target_6,6,Pre to Post
2022-07-01,4.161716868604248,9.212141986196702,9.509197117404788,GradientBoosting,Wage,wage_target_6,6,Pre to Post
2022-09-01,4.2528941484486715,9.20676184108573,9.509197117404788,GradientBoosting,Wage,wage_target_6,6,Pre to Post
2022-11-01,4.101470633815207,9.241146686061384,9.509197117404788,GradientBoosting,Wage,wage_target_6,6,Pre to Post
2022-12-01,4.502666533793498,9.241146686061384,9.509197117404788,GradientBoosting,Wage,wage_target_6,6,Pre to Post
2023-02-01,4.415453797417701,9.241146686061384,9.509197117404788,GradientBoosting,Wage,wage_target_6,6,Pre to Post
2023-07-01,3.6300762340979458,3.7281757541822875,9.509197117404788,GradientBoosting,Wage,wage_target_6,6,Pre to Post
2023-11-01,4.170437814296424,3.4863353711837033,9.509197117404788,GradientBoosting,Wage,wage_target_6,6,Pre to Post
2023-12-01,4.155993698349025,3.723656703016867,9.509197117404788,GradientBoosting,Wage,wage_target_6,6,Pre to Post
2024-03-01,3.9435482511276376,3.33128060469092,9.509197117404788,GradientBoosting,Wage,wage_target_6,6,Pre to Post
2024-05-01,4.029076531860465,3.6758545062528274,9.509197117404788,GradientBoosting,Wage,wage_target_6,6,Pre to Post
2024-07-01,4.286684120549467,9.190057484327882,9.509197117404788,GradientBoosting,Wage,wage_target_6,6,Pre to Post
2025-03-01,3.241383954231658,3.3768249353106805,9.509197117404788,GradientBoosting,Wage,wage_target_6,6,Pre to Post
2025-08-01,3.626130988872944,3.389678305261005,9.509197117404788,GradientBoosting,Wage,wage_target_6,6,Pre to Post
2025-09-01,3.671809393378389,3.2572698263631885,9.509197117404788,GradientBoosting,Wage,wage_target_6,6,Pre to Post
2021-07-01,5.334598070529273,6.391063395723506,6.391063395723506,Persistence,Wage,wage_target_12,12,Pre to Post
2022-01-01,4.395631789911558,6.391063395723506,6.391063395723506,Persistence,Wage,wage_target_12,12,Pre to Post
2022-05-01,4.268940869505045,6.391063395723506,6.391063395723506,Persistence,Wage,wage_target_12,12,Pre to Post
2022-11-01,4.03099804652558,6.391063395723506,6.391063395723506,Persistence,Wage,wage_target_12,12,Pre to Post
2024-01-01,3.897520757795592,6.391063395723506,6.391063395723506,Persistence,Wage,wage_target_12,12,Pre to Post
2024-06-01,3.7835534342704142,6.391063395723506,6.391063395723506,Persistence,Wage,wage_target_12,12,Pre to Post
2024-07-01,3.8858837316606554,6.391063395723506,6.391063395723506,Persistence,Wage,wage_target_12,12,Pre to Post
2024-09-01,3.776128816897417,6.391063395723506,6.391063395723506,Persistence,Wage,wage_target_12,12,Pre to Post
2024-10-01,3.845031798928389,6.391063395723506,6.391063395723506,Persistence,Wage,wage_target_12,12,Pre to Post
2021-07-01,5.334598070529273,7.190222685849093,6.391063395723506,AR,Wage,wage_target_12,12,Pre to Post
2022-01-01,4.395631789911558,6.212800938331651,6.391063395723506,AR,Wage,wage_target_12,12,Pre to Post
2022-05-01,4.268940869505045,5.387842879998139,6.391063395723506,AR,Wage,wage_target_12,12,Pre to Post
2022-11-01,4.03099804652558,5.614993908512701,6.391063395723506,AR,Wage,wage_target_12,12,Pre to Post
2024-01-01,3.897520757795592,4.630308286999877,6.391063395723506,AR,Wage,wage_target_12,12,Pre to Post
2024-06-01,3.7835534342704142,4.894462473759047,6.391063395723506,AR,Wage,wage_target_12,12,Pre to Post
2024-07-01,3.8858837316606554,5.024443941359005,6.391063395723506,AR,Wage,wage_target_12,12,Pre to Post
2024-09-01,3.776128816897417,4.725822017095197,6.391063395723506,AR,Wage,wage_target_12,12,Pre to Post
2024-10-01,3.845031798928389,4.559186514891259,6.391063395723506,AR,Wage,wage_target_12,12,Pre to Post
2021-07-01,5.334598070529273,2.6033228381290168,6.391063395723506,OLS,Wage,wage_target_12,12,Pre to Post
2022-01-01,4.395631789911558,3.2112057579637545,6.391063395723506,OLS,Wage,wage_target_12,12,Pre to Post
2022-05-01,4.268940869505045,4.062961081091137,6.391063395723506,OLS,Wage,wage_target_12,12,Pre to Post
2022-11-01,4.03099804652558,4.819033937661792,6.391063395723506,OLS,Wage,wage_target_12,12,Pre to Post
2024-01-01,3.897520757795592,4.684653325921319,6.391063395723506,OLS,Wage,wage_target_12,12,Pre to Post
2024-06-01,3.7835534342704142,4.215250265813239,6.391063395723506,OLS,Wage,wage_target_12,12,Pre to Post
2024-07-01,3.8858837316606554,4.139381870413887,6.391063395723506,OLS,Wage,wage_target_12,12,Pre to Post
2024-09-01,3.776128816897417,4.115462699075874,6.391063395723506,OLS,Wage,wage_target_12,12,Pre to Post
2024-10-01,3.845031798928389,4.030535110732689,6.391063395723506,OLS,Wage,wage_target_12,12,Pre to Post
2021-07-01,5.334598070529273,3.3747665459655902,6.391063395723506,Ridge,Wage,wage_target_12,12,Pre to Post
2022-01-01,4.395631789911558,3.6837676328388795,6.391063395723506,Ridge,Wage,wage_target_12,12,Pre to Post
2022-05-01,4.268940869505045,4.210480065833601,6.391063395723506,Ridge,Wage,wage_target_12,12,Pre to Post
2022-11-01,4.03099804652558,4.9371460272903835,6.391063395723506,Ridge,Wage,wage_target_12,12,Pre to Post
2024-01-01,3.897520757795592,4.741184409449699,6.391063395723506,Ridge,Wage,wage_target_12,12,Pre to Post
2024-06-01,3.7835534342704142,4.425615243327402,6.391063395723506,Ridge,Wage,wage_target_12,12,Pre to Post
2024-07-01,3.8858837316606554,4.38900156079943,6.391063395723506,Ridge,Wage,wage_target_12,12,Pre to Post
2024-09-01,3.776128816897417,4.3117254309498225,6.391063395723506,Ridge,Wage,wage_target_12,12,Pre to Post
2024-10-01,3.845031798928389,4.213406270755324,6.391063395723506,Ridge,Wage,wage_target_12,12,Pre to Post
2021-07-01,5.334598070529273,3.2474662552469056,6.391063395723506,Lasso,Wage,wage_target_12,12,Pre to Post
2022-01-01,4.395631789911558,3.6116794160529024,6.391063395723506,Lasso,Wage,wage_target_12,12,Pre to Post
2022-05-01,4.268940869505045,4.14898047853836,6.391063395723506,Lasso,Wage,wage_target_12,12,Pre to Post
2022-11-01,4.03099804652558,4.842643824183609,6.391063395723506,Lasso,Wage,wage_target_12,12,Pre to Post
2024-01-01,3.897520757795592,4.691911911556058,6.391063395723506,Lasso,Wage,wage_target_12,12,Pre to Post
2024-06-01,3.7835534342704142,4.361794511170247,6.391063395723506,Lasso,Wage,wage_target_12,12,Pre to Post
2024-07-01,3.8858837316606554,4.319176986630833,6.391063395723506,Lasso,Wage,wage_target_12,12,Pre to Post
2024-09-01,3.776128816897417,4.252226090032285,6.391063395723506,Lasso,Wage,wage_target_12,12,Pre to Post
2024-10-01,3.845031798928389,4.1716723949377466,6.391063395723506,Lasso,Wage,wage_target_12,12,Pre to Post
2021-07-01,5.334598070529273,3.2353431432202853,6.391063395723506,ElasticNet,Wage,wage_target_12,12,Pre to Post
2022-01-01,4.395631789911558,3.5965159058945337,6.391063395723506,ElasticNet,Wage,wage_target_12,12,Pre to Post
2022-05-01,4.268940869505045,4.136831129582855,6.391063395723506,ElasticNet,Wage,wage_target_12,12,Pre to Post
2022-11-01,4.03099804652558,4.841195504290294,6.391063395723506,ElasticNet,Wage,wage_target_12,12,Pre to Post
2024-01-01,3.897520757795592,4.696487552540048,6.391063395723506,ElasticNet,Wage,wage_target_12,12,Pre to Post
2024-06-01,3.7835534342704142,4.368103993602733,6.391063395723506,ElasticNet,Wage,wage_target_12,12,Pre to Post
2024-07-01,3.8858837316606554,4.325709913439999,6.391063395723506,ElasticNet,Wage,wage_target_12,12,Pre to Post
2024-09-01,3.776128816897417,4.258582497756545,6.391063395723506,ElasticNet,Wage,wage_target_12,12,Pre to Post
2024-10-01,3.845031798928389,4.176103458967987,6.391063395723506,ElasticNet,Wage,wage_target_12,12,Pre to Post
2021-07-01,5.334598070529273,3.5679770965063167,6.391063395723506,Huber,Wage,wage_target_12,12,Pre to Post
2022-01-01,4.395631789911558,3.6079725192625287,6.391063395723506,Huber,Wage,wage_target_12,12,Pre to Post
2022-05-01,4.268940869505045,3.761204556934196,6.391063395723506,Huber,Wage,wage_target_12,12,Pre to Post
2022-11-01,4.03099804652558,4.233329669013239,6.391063395723506,Huber,Wage,wage_target_12,12,Pre to Post
2024-01-01,3.897520757795592,4.050940896405274,6.391063395723506,Huber,Wage,wage_target_12,12,Pre to Post
2024-06-01,3.7835534342704142,3.921288756434903,6.391063395723506,Huber,Wage,wage_target_12,12,Pre to Post
2024-07-01,3.8858837316606554,3.9196338129809667,6.391063395723506,Huber,Wage,wage_target_12,12,Pre to Post
2024-09-01,3.776128816897417,3.8306422712049555,6.391063395723506,Huber,Wage,wage_target_12,12,Pre to Post
2024-10-01,3.845031798928389,3.7597872374565107,6.391063395723506,Huber,Wage,wage_target_12,12,Pre to Post
2021-07-01,5.334598070529273,3.0972528607448275,6.391063395723506,RandomForest,Wage,wage_target_12,12,Pre to Post
2022-01-01,4.395631789911558,3.0972528607448275,6.391063395723506,RandomForest,Wage,wage_target_12,12,Pre to Post
2022-05-01,4.268940869505045,3.369809289222536,6.391063395723506,RandomForest,Wage,wage_target_12,12,Pre to Post
2022-11-01,4.03099804652558,3.4683527814566846,6.391063395723506,RandomForest,Wage,wage_target_12,12,Pre to Post
2024-01-01,3.897520757795592,3.4809564949767435,6.391063395723506,RandomForest,Wage,wage_target_12,12,Pre to Post
2024-06-01,3.7835534342704142,3.4809564949767435,6.391063395723506,RandomForest,Wage,wage_target_12,12,Pre to Post
2024-07-01,3.8858837316606554,3.4809564949767435,6.391063395723506,RandomForest,Wage,wage_target_12,12,Pre to Post
2024-09-01,3.776128816897417,3.4809564949767435,6.391063395723506,RandomForest,Wage,wage_target_12,12,Pre to Post
2024-10-01,3.845031798928389,3.4809564949767435,6.391063395723506,RandomForest,Wage,wage_target_12,12,Pre to Post
2021-07-01,5.334598070529273,6.208289328658054,6.391063395723506,GradientBoosting,Wage,wage_target_12,12,Pre to Post
2022-01-01,4.395631789911558,6.208289328658054,6.391063395723506,GradientBoosting,Wage,wage_target_12,12,Pre to Post
2022-05-01,4.268940869505045,6.173015153246218,6.391063395723506,GradientBoosting,Wage,wage_target_12,12,Pre to Post
2022-11-01,4.03099804652558,6.252313996709591,6.391063395723506,GradientBoosting,Wage,wage_target_12,12,Pre to Post
2024-01-01,3.897520757795592,6.3054117088745505,6.391063395723506,GradientBoosting,Wage,wage_target_12,12,Pre to Post
2024-06-01,3.7835534342704142,3.282922405802477,6.391063395723506,GradientBoosting,Wage,wage_target_12,12,Pre to Post
2024-07-01,3.8858837316606554,3.3162341821647567,6.391063395723506,GradientBoosting,Wage,wage_target_12,12,Pre to Post
2024-09-01,3.776128816897417,3.3162341821647567,6.391063395723506,GradientBoosting,Wage,wage_target_12,12,Pre to Post
2024-10-01,3.845031798928389,3.282922405802477,6.391063395723506,GradientBoosting,Wage,wage_target_12,12,Pre to Post
2021-12-01,9.60999153451958,-0.8577414812847906,-0.8577414812847906,Persistence,CPI,cpi_target_3,3,Pre to Post
2023-05-01,3.60741250697636,-0.8577414812847906,-0.8577414812847906,Persistence,CPI,cpi_target_3,3,Pre to Post
2023-11-01,3.6426440731613496,-0.8577414812847906,-0.8577414812847906,Persistence,CPI,cpi_target_3,3,Pre to Post
2025-01-01,1.678184993672005,-0.8577414812847906,-0.8577414812847906,Persistence,CPI,cpi_target_3,3,Pre to Post
2021-12-01,9.60999153451958,5.654394992292757,-0.8577414812847906,AR,CPI,cpi_target_3,3,Pre to Post
2023-05-01,3.60741250697636,2.3362576655433935,-0.8577414812847906,AR,CPI,cpi_target_3,3,Pre to Post
2023-11-01,3.6426440731613496,2.4967822332621132,-0.8577414812847906,AR,CPI,cpi_target_3,3,Pre to Post
2025-01-01,1.678184993672005,2.5816609150297385,-0.8577414812847906,AR,CPI,cpi_target_3,3,Pre to Post
2021-12-01,9.60999153451958,4.074345667810452,-0.8577414812847906,OLS,CPI,cpi_target_3,3,Pre to Post
2023-05-01,3.60741250697636,1.5988727656747657,-0.8577414812847906,OLS,CPI,cpi_target_3,3,Pre to Post
2023-11-01,3.6426440731613496,1.836166413845391,-0.8577414812847906,OLS,CPI,cpi_target_3,3,Pre to Post
2025-01-01,1.678184993672005,1.8754603847377065,-0.8577414812847906,OLS,CPI,cpi_target_3,3,Pre to Post
2021-12-01,9.60999153451958,3.9913975713207286,-0.8577414812847906,Ridge,CPI,cpi_target_3,3,Pre to Post
2023-05-01,3.60741250697636,1.6035225925160062,-0.8577414812847906,Ridge,CPI,cpi_target_3,3,Pre to Post
2023-11-01,3.6426440731613496,1.8318686991724793,-0.8577414812847906,Ridge,CPI,cpi_target_3,3,Pre to Post
2025-01-01,1.678184993672005,1.8723634534731342,-0.8577414812847906,Ridge,CPI,cpi_target_3,3,Pre to Post
2021-12-01,9.60999153451958,4.153579620918039,-0.8577414812847906,Lasso,CPI,cpi_target_3,3,Pre to Post
2023-05-01,3.60741250697636,1.5801651752319068,-0.8577414812847906,Lasso,CPI,cpi_target_3,3,Pre to Post
2023-11-01,3.6426440731613496,1.805016199655457,-0.8577414812847906,Lasso,CPI,cpi_target_3,3,Pre to Post
2025-01-01,1.678184993672005,1.859667614325562,-0.8577414812847906,Lasso,CPI,cpi_target_3,3,Pre to Post
2021-12-01,9.60999153451958,4.097914542773777,-0.8577414812847906,ElasticNet,CPI,cpi_target_3,3,Pre to Post
2023-05-01,3.60741250697636,1.5869603845290787,-0.8577414812847906,ElasticNet,CPI,cpi_target_3,3,Pre to Post
2023-11-01,3.6426440731613496,1.8116628335060465,-0.8577414812847906,ElasticNet,CPI,cpi_target_3,3,Pre to Post
2025-01-01,1.678184993672005,1.8627583560938619,-0.8577414812847906,ElasticNet,CPI,cpi_target_3,3,Pre to Post
2021-12-01,9.60999153451958,4.730978588800534,-0.8577414812847906,Huber,CPI,cpi_target_3,3,Pre to Post
2023-05-01,3.60741250697636,1.9988106920066402,-0.8577414812847906,Huber,CPI,cpi_target_3,3,Pre to Post
2023-11-01,3.6426440731613496,2.22394166210573,-0.8577414812847906,Huber,CPI,cpi_target_3,3,Pre to Post
2025-01-01,1.678184993672005,2.2131965533784332,-0.8577414812847906,Huber,CPI,cpi_target_3,3,Pre to Post
2021-12-01,9.60999153451958,3.0602347097950555,-0.8577414812847906,RandomForest,CPI,cpi_target_3,3,Pre to Post
2023-05-01,3.60741250697636,2.862195127669908,-0.8577414812847906,RandomForest,CPI,cpi_target_3,3,Pre to Post
2023-11-01,3.6426440731613496,3.0255337365079176,-0.8577414812847906,RandomForest,CPI,cpi_target_3,3,Pre to Post
2025-01-01,1.678184993672005,3.0255337365079176,-0.8577414812847906,RandomForest,CPI,cpi_target_3,3,Pre to Post
2021-12-01,9.60999153451958,2.7379226194374855,-0.8577414812847906,GradientBoosting,CPI,cpi_target_3,3,Pre to Post
2023-05-01,3.60741250697636,2.7785186658102723,-0.8577414812847906,GradientBoosting,CPI,cpi_target_3,3,Pre to Post
2023-11-01,3.6426440731613496,3.0401794229140093,-0.8577414812847906,GradientBoosting,CPI,cpi_target_3,3,Pre to Post
2025-01-01,1.678184993672005,2.371082512514871,-0.8577414812847906,GradientBoosting,CPI,cpi_target_3,3,Pre to Post
2021-06-01,7.392332670655222,-1.2317946444953876,-1.2317946444953876,Persistence,CPI,cpi_target_6,6,Pre to Post
2022-11-01,3.021382112918402,-1.2317946444953876,-1.2317946444953876,Persistence,CPI,cpi_target_6,6,Pre to Post
2023-02-01,3.049774994918941,-1.2317946444953876,-1.2317946444953876,Persistence,CPI,cpi_target_6,6,Pre to Post
2023-08-01,3.1667514628946236,-1.2317946444953876,-1.2317946444953876,Persistence,CPI,cpi_target_6,6,Pre to Post
2023-11-01,3.23639053773519,-1.2317946444953876,-1.2317946444953876,Persistence,CPI,cpi_target_6,6,Pre to Post
2023-12-01,2.7682036041044356,-1.2317946444953876,-1.2317946444953876,Persistence,CPI,cpi_target_6,6,Pre to Post
2024-01-01,2.4843604906788386,-1.2317946444953876,-1.2317946444953876,Persistence,CPI,cpi_target_6,6,Pre to Post
2024-02-01,1.9807242843889128,-1.2317946444953876,-1.2317946444953876,Persistence,CPI,cpi_target_6,6,Pre to Post
2024-03-01,1.5226273833484072,-1.2317946444953876,-1.2317946444953876,Persistence,CPI,cpi_target_6,6,Pre to Post
2024-05-01,2.1299131110961156,-1.2317946444953876,-1.2317946444953876,Persistence,CPI,cpi_target_6,6,Pre to Post
2024-12-01,2.398004438209256,-1.2317946444953876,-1.2317946444953876,Persistence,CPI,cpi_target_6,6,Pre to Post
2025-08-01,2.5626127577751845,-1.2317946444953876,-1.2317946444953876,Persistence,CPI,cpi_target_6,6,Pre to Post
2021-06-01,7.392332670655222,6.972874983221661,-1.2317946444953876,AR,CPI,cpi_target_6,6,Pre to Post
2022-11-01,3.021382112918402,3.090261633562879,-1.2317946444953876,AR,CPI,cpi_target_6,6,Pre to Post
2023-02-01,3.049774994918941,2.699151814736734,-1.2317946444953876,AR,CPI,cpi_target_6,6,Pre to Post
2023-08-01,3.1667514628946236,3.1707650388222643,-1.2317946444953876,AR,CPI,cpi_target_6,6,Pre to Post
2023-11-01,3.23639053773519,3.2740160235116402,-1.2317946444953876,AR,CPI,cpi_target_6,6,Pre to Post
2023-12-01,2.7682036041044356,3.1037463874854727,-1.2317946444953876,AR,CPI,cpi_target_6,6,Pre to Post
2024-01-01,2.4843604906788386,2.698029887887188,-1.2317946444953876,AR,CPI,cpi_target_6,6,Pre to Post
2024-02-01,1.9807242843889128,2.452060113547147,-1.2317946444953876,AR,CPI,cpi_target_6,6,Pre to Post
2024-03-01,1.5226273833484072,2.015624356781537,-1.2317946444953876,AR,CPI,cpi_target_6,6,Pre to Post
2024-05-01,2.1299131110961156,1.7371987183098236,-1.2317946444953876,AR,CPI,cpi_target_6,6,Pre to Post
2024-12-01,2.398004438209256,2.525391565114366,-1.2317946444953876,AR,CPI,cpi_target_6,6,Pre to Post
2025-08-01,2.5626127577751845,2.6602764142447826,-1.2317946444953876,AR,CPI,cpi_target_6,6,Pre to Post
2021-06-01,7.392332670655222,6.386698493414466,-1.2317946444953876,OLS,CPI,cpi_target_6,6,Pre to Post
2022-11-01,3.021382112918402,2.557388137151058,-1.2317946444953876,OLS,CPI,cpi_target_6,6,Pre to Post
2023-02-01,3.049774994918941,2.2636415352689396,-1.2317946444953876,OLS,CPI,cpi_target_6,6,Pre to Post
2023-08-01,3.1667514628946236,2.8229555886143434,-1.2317946444953876,OLS,CPI,cpi_target_6,6,Pre to Post
2023-11-01,3.23639053773519,2.9579129673856177,-1.2317946444953876,OLS,CPI,cpi_target_6,6,Pre to Post
2023-12-01,2.7682036041044356,2.803066961023725,-1.2317946444953876,OLS,CPI,cpi_target_6,6,Pre to Post
2024-01-01,2.4843604906788386,2.402877867179944,-1.2317946444953876,OLS,CPI,cpi_target_6,6,Pre to Post
2024-02-01,1.9807242843889128,2.1834671382348665,-1.2317946444953876,OLS,CPI,cpi_target_6,6,Pre to Post
2024-03-01,1.5226273833484072,1.7739097401309767,-1.2317946444953876,OLS,CPI,cpi_target_6,6,Pre to Post
2024-05-01,2.1299131110961156,1.537635339548159,-1.2317946444953876,OLS,CPI,cpi_target_6,6,Pre to Post
2024-12-01,2.398004438209256,2.312234008118587,-1.2317946444953876,OLS,CPI,cpi_target_6,6,Pre to Post
2025-08-01,2.5626127577751845,2.496746644377533,-1.2317946444953876,OLS,CPI,cpi_target_6,6,Pre to Post
2021-06-01,7.392332670655222,6.221866793264859,-1.2317946444953876,Ridge,CPI,cpi_target_6,6,Pre to Post
2022-11-01,3.021382112918402,2.5386088274477494,-1.2317946444953876,Ridge,CPI,cpi_target_6,6,Pre to Post
2023-02-01,3.049774994918941,2.264084856465467,-1.2317946444953876,Ridge,CPI,cpi_target_6,6,Pre to Post
2023-08-01,3.1667514628946236,2.814126811048376,-1.2317946444953876,Ridge,CPI,cpi_target_6,6,Pre to Post
2023-11-01,3.23639053773519,2.9453731067192224,-1.2317946444953876,Ridge,CPI,cpi_target_6,6,Pre to Post
2023-12-01,2.7682036041044356,2.7972264910309415,-1.2317946444953876,Ridge,CPI,cpi_target_6,6,Pre to Post
2024-01-01,2.4843604906788386,2.4101609409197877,-1.2317946444953876,Ridge,CPI,cpi_target_6,6,Pre to Post
2024-02-01,1.9807242843889128,2.1991371113956766,-1.2317946444953876,Ridge,CPI,cpi_target_6,6,Pre to Post
2024-03-01,1.5226273833484072,1.8040754529432212,-1.2317946444953876,Ridge,CPI,cpi_target_6,6,Pre to Post
2024-05-01,2.1299131110961156,1.5767873518849465,-1.2317946444953876,Ridge,CPI,cpi_target_6,6,Pre to Post
2024-12-01,2.398004438209256,2.321230115636677,-1.2317946444953876,Ridge,CPI,cpi_target_6,6,Pre to Post
2025-08-01,2.5626127577751845,2.499685111050821,-1.2317946444953876,Ridge,CPI,cpi_target_6,6,Pre to Post
2021-06-01,7.392332670655222,6.420034942136916,-1.2317946444953876,Lasso,CPI,cpi_target_6,6,Pre to Post
2022-11-01,3.021382112918402,2.5750700473313852,-1.2317946444953876,Lasso,CPI,cpi_target_6,6,Pre to Post
2023-02-01,3.049774994918941,2.2675355257775744,-1.2317946444953876,Lasso,CPI,cpi_target_6,6,Pre to Post
2023-08-01,3.1667514628946236,2.80417134443737,-1.2317946444953876,Lasso,CPI,cpi_target_6,6,Pre to Post
2023-11-01,3.23639053773519,2.9341964582526634,-1.2317946444953876,Lasso,CPI,cpi_target_6,6,Pre to Post
2023-12-01,2.7682036041044356,2.7814393917246623,-1.2317946444953876,Lasso,CPI,cpi_target_6,6,Pre to Post
2024-01-01,2.4843604906788386,2.3852450325617567,-1.2317946444953876,Lasso,CPI,cpi_target_6,6,Pre to Post
2024-02-01,1.9807242843889128,2.166524283429276,-1.2317946444953876,Lasso,CPI,cpi_target_6,6,Pre to Post
2024-03-01,1.5226273833484072,1.75968757385068,-1.2317946444953876,Lasso,CPI,cpi_target_6,6,Pre to Post
2024-05-01,2.1299131110961156,1.5222200021435848,-1.2317946444953876,Lasso,CPI,cpi_target_6,6,Pre to Post
2024-12-01,2.398004438209256,2.3017771267752942,-1.2317946444953876,Lasso,CPI,cpi_target_6,6,Pre to Post
2025-08-01,2.5626127577751845,2.480636585502742,-1.2317946444953876,Lasso,CPI,cpi_target_6,6,Pre to Post
2021-06-01,7.392332670655222,6.326871538273707,-1.2317946444953876,ElasticNet,CPI,cpi_target_6,6,Pre to Post
2022-11-01,3.021382112918402,2.5609724779099334,-1.2317946444953876,ElasticNet,CPI,cpi_target_6,6,Pre to Post
2023-02-01,3.049774994918941,2.2668278443485534,-1.2317946444953876,ElasticNet,CPI,cpi_target_6,6,Pre to Post
2023-08-01,3.1667514628946236,2.804777136716843,-1.2317946444953876,ElasticNet,CPI,cpi_target_6,6,Pre to Post
2023-11-01,3.23639053773519,2.934245442442843,-1.2317946444953876,ElasticNet,CPI,cpi_target_6,6,Pre to Post
2023-12-01,2.7682036041044356,2.784240395925572,-1.2317946444953876,ElasticNet,CPI,cpi_target_6,6,Pre to Post
2024-01-01,2.4843604906788386,2.3936457624900163,-1.2317946444953876,ElasticNet,CPI,cpi_target_6,6,Pre to Post
2024-02-01,1.9807242843889128,2.1789585583820155,-1.2317946444953876,ElasticNet,CPI,cpi_target_6,6,Pre to Post
2024-03-01,1.5226273833484072,1.778721167527473,-1.2317946444953876,ElasticNet,CPI,cpi_target_6,6,Pre to Post
2024-05-01,2.1299131110961156,1.546120123888275,-1.2317946444953876,ElasticNet,CPI,cpi_target_6,6,Pre to Post
2024-12-01,2.398004438209256,2.308873538348576,-1.2317946444953876,ElasticNet,CPI,cpi_target_6,6,Pre to Post
2025-08-01,2.5626127577751845,2.4861758083257546,-1.2317946444953876,ElasticNet,CPI,cpi_target_6,6,Pre to Post
2021-06-01,7.392332670655222,6.3841564307285505,-1.2317946444953876,Huber,CPI,cpi_target_6,6,Pre to Post
2022-11-01,3.021382112918402,2.874805349830522,-1.2317946444953876,Huber,CPI,cpi_target_6,6,Pre to Post
2023-02-01,3.049774994918941,2.691954620926944,-1.2317946444953876,Huber,CPI,cpi_target_6,6,Pre to Post
2023-08-01,3.1667514628946236,3.3756020956499144,-1.2317946444953876,Huber,CPI,cpi_target_6,6,Pre to Post
2023-11-01,3.23639053773519,3.5164673828950397,-1.2317946444953876,Huber,CPI,cpi_target_6,6,Pre to Post
2023-12-01,2.7682036041044356,3.3686657496770627,-1.2317946444953876,Huber,CPI,cpi_target_6,6,Pre to Post
2024-01-01,2.4843604906788386,2.9593895329865147,-1.2317946444953876,Huber,CPI,cpi_target_6,6,Pre to Post
2024-02-01,1.9807242843889128,2.7418585950432313,-1.2317946444953876,Huber,CPI,cpi_target_6,6,Pre to Post
2024-03-01,1.5226273833484072,2.3291209851700585,-1.2317946444953876,Huber,CPI,cpi_target_6,6,Pre to Post
2024-05-01,2.1299131110961156,2.093666845327341,-1.2317946444953876,Huber,CPI,cpi_target_6,6,Pre to Post
2024-12-01,2.398004438209256,2.7922040778273702,-1.2317946444953876,Huber,CPI,cpi_target_6,6,Pre to Post
2025-08-01,2.5626127577751845,2.966802515935776,-1.2317946444953876,Huber,CPI,cpi_target_6,6,Pre to Post
2021-06-01,7.392332670655222,3.063486125008162,-1.2317946444953876,RandomForest,CPI,cpi_target_6,6,Pre to Post
2022-11-01,3.021382112918402,3.112760389679191,-1.2317946444953876,RandomForest,CPI,cpi_target_6,6,Pre to Post
2023-02-01,3.049774994918941,2.8426663252893807,-1.2317946444953876,RandomForest,CPI,cpi_target_6,6,Pre to Post
2023-08-01,3.1667514628946236,3.0623767218945113,-1.2317946444953876,RandomForest,CPI,cpi_target_6,6,Pre to Post
2023-11-01,3.23639053773519,3.0623767218945113,-1.2317946444953876,RandomForest,CPI,cpi_target_6,6,Pre to Post
2023-12-01,2.7682036041044356,3.0664592050064674,-1.2317946444953876,RandomForest,CPI,cpi_target_6,6,Pre to Post
2024-01-01,2.4843604906788386,2.8198424889249742,-1.2317946444953876,RandomForest,CPI,cpi_target_6,6,Pre to Post
2024-02-01,1.9807242843889128,1.991124512319409,-1.2317946444953876,RandomForest,CPI,cpi_target_6,6,Pre to Post
2024-03-01,1.5226273833484072,1.6708662449027074,-1.2317946444953876,RandomForest,CPI,cpi_target_6,6,Pre to Post
2024-05-01,2.1299131110961156,1.5045604028532,-1.2317946444953876,RandomForest,CPI,cpi_target_6,6,Pre to Post
2024-12-01,2.398004438209256,2.0895702025842153,-1.2317946444953876,RandomForest,CPI,cpi_target_6,6,Pre to Post
2025-08-01,2.5626127577751845,2.8060086007974063,-1.2317946444953876,RandomForest,CPI,cpi_target_6,6,Pre to Post
2021-06-01,7.392332670655222,4.608428691028364,-1.2317946444953876,GradientBoosting,CPI,cpi_target_6,6,Pre to Post
2022-11-01,3.021382112918402,2.446097603733993,-1.2317946444953876,GradientBoosting,CPI,cpi_target_6,6,Pre to Post
2023-02-01,3.049774994918941,2.084421477826345,-1.2317946444953876,GradientBoosting,CPI,cpi_target_6,6,Pre to Post
2023-08-01,3.1667514628946236,2.710271082921263,-1.2317946444953876,GradientBoosting,CPI,cpi_target_6,6,Pre to Post
2023-11-01,3.23639053773519,2.704154604137213,-1.2317946444953876,GradientBoosting,CPI,cpi_target_6,6,Pre to Post
2023-12-01,2.7682036041044356,3.4080464898287084,-1.2317946444953876,GradientBoosting,CPI,cpi_target_6,6,Pre to Post
2024-01-01,2.4843604906788386,3.0031517287978726,-1.2317946444953876,GradientBoosting,CPI,cpi_target_6,6,Pre to Post
2024-02-01,1.9807242843889128,2.3590953781643567,-1.2317946444953876,GradientBoosting,CPI,cpi_target_6,6,Pre to Post
2024-03-01,1.5226273833484072,2.3491870149873515,-1.2317946444953876,GradientBoosting,CPI,cpi_target_6,6,Pre to Post
2024-05-01,2.1299131110961156,2.2475661413138353,-1.2317946444953876,GradientBoosting,CPI,cpi_target_6,6,Pre to Post
2024-12-01,2.398004438209256,2.0347185815435718,-1.2317946444953876,GradientBoosting,CPI,cpi_target_6,6,Pre to Post
2025-08-01,2.5626127577751845,2.679665716011282,-1.2317946444953876,GradientBoosting,CPI,cpi_target_6,6,Pre to Post
2022-04-01,4.831462139426179,1.168887033940358,1.168887033940358,Persistence,CPI,cpi_target_12,12,Pre to Post
2022-08-01,3.654892405819865,1.168887033940358,1.168887033940358,Persistence,CPI,cpi_target_12,12,Pre to Post
2023-03-01,3.427421970979782,1.168887033940358,1.168887033940358,Persistence,CPI,cpi_target_12,12,Pre to Post
2023-12-01,2.8302586032356913,1.168887033940358,1.168887033940358,Persistence,CPI,cpi_target_12,12,Pre to Post
2024-08-01,2.8962427776042965,1.168887033940358,1.168887033940358,Persistence,CPI,cpi_target_12,12,Pre to Post
2022-04-01,4.831462139426179,4.8696436167970365,1.168887033940358,AR,CPI,cpi_target_12,12,Pre to Post
2022-08-01,3.654892405819865,2.681548959535013,1.168887033940358,AR,CPI,cpi_target_12,12,Pre to Post
2023-03-01,3.427421970979782,2.695168826031819,1.168887033940358,AR,CPI,cpi_target_12,12,Pre to Post
2023-12-01,2.8302586032356913,2.302753827961667,1.168887033940358,AR,CPI,cpi_target_12,12,Pre to Post
2024-08-01,2.8962427776042965,2.381168852614402,1.168887033940358,AR,CPI,cpi_target_12,12,Pre to Post
2022-04-01,4.831462139426179,5.151083561877057,1.168887033940358,OLS,CPI,cpi_target_12,12,Pre to Post
2022-08-01,3.654892405819865,3.002629978706838,1.168887033940358,OLS,CPI,cpi_target_12,12,Pre to Post
2023-03-01,3.427421970979782,3.162970778929498,1.168887033940358,OLS,CPI,cpi_target_12,12,Pre to Post
2023-12-01,2.8302586032356913,2.7718142036327875,1.168887033940358,OLS,CPI,cpi_target_12,12,Pre to Post
2024-08-01,2.8962427776042965,2.808507754860069,1.168887033940358,OLS,CPI,cpi_target_12,12,Pre to Post
2022-04-01,4.831462139426179,5.0260125828082405,1.168887033940358,Ridge,CPI,cpi_target_12,12,Pre to Post
2022-08-01,3.654892405819865,2.9500528621079543,1.168887033940358,Ridge,CPI,cpi_target_12,12,Pre to Post
2023-03-01,3.427421970979782,3.111600041084169,1.168887033940358,Ridge,CPI,cpi_target_12,12,Pre to Post
2023-12-01,2.8302586032356913,2.7413649352297234,1.168887033940358,Ridge,CPI,cpi_target_12,12,Pre to Post
2024-08-01,2.8962427776042965,2.78133058784472,1.168887033940358,Ridge,CPI,cpi_target_12,12,Pre to Post
2022-04-01,4.831462139426179,5.033384612671242,1.168887033940358,Lasso,CPI,cpi_target_12,12,Pre to Post
2022-08-01,3.654892405819865,2.9351809635652284,1.168887033940358,Lasso,CPI,cpi_target_12,12,Pre to Post
2023-03-01,3.427421970979782,3.0785992458373888,1.168887033940358,Lasso,CPI,cpi_target_12,12,Pre to Post
2023-12-01,2.8302586032356913,2.695658157553079,1.168887033940358,Lasso,CPI,cpi_target_12,12,Pre to Post
2024-08-01,2.8962427776042965,2.735930854277053,1.168887033940358,Lasso,CPI,cpi_target_12,12,Pre to Post
2022-04-01,4.831462139426179,4.997341045584429,1.168887033940358,ElasticNet,CPI,cpi_target_12,12,Pre to Post
2022-08-01,3.654892405819865,2.9246003629966255,1.168887033940358,ElasticNet,CPI,cpi_target_12,12,Pre to Post
2023-03-01,3.427421970979782,3.07304385166033,1.168887033940358,ElasticNet,CPI,cpi_target_12,12,Pre to Post
2023-12-01,2.8302586032356913,2.6990978304753854,1.168887033940358,ElasticNet,CPI,cpi_target_12,12,Pre to Post
2024-08-01,2.8962427776042965,2.740208936014753,1.168887033940358,ElasticNet,CPI,cpi_target_12,12,Pre to Post
2022-04-01,4.831462139426179,4.987040052825905,1.168887033940358,Huber,CPI,cpi_target_12,12,Pre to Post
2022-08-01,3.654892405819865,2.9487737887609295,1.168887033940358,Huber,CPI,cpi_target_12,12,Pre to Post
2023-03-01,3.427421970979782,3.1056766562500835,1.168887033940358,Huber,CPI,cpi_target_12,12,Pre to Post
2023-12-01,2.8302586032356913,2.7291978829495056,1.168887033940358,Huber,CPI,cpi_target_12,12,Pre to Post
2024-08-01,2.8962427776042965,2.765166241405895,1.168887033940358,Huber,CPI,cpi_target_12,12,Pre to Post
2022-04-01,4.831462139426179,2.6008808891734434,1.168887033940358,RandomForest,CPI,cpi_target_12,12,Pre to Post
2022-08-01,3.654892405819865,2.635473924335498,1.168887033940358,RandomForest,CPI,cpi_target_12,12,Pre to Post
2023-03-01,3.427421970979782,2.6323242791513333,1.168887033940358,RandomForest,CPI,cpi_target_12,12,Pre to Post
2023-12-01,2.8302586032356913,2.4703588485288277,1.168887033940358,RandomForest,CPI,cpi_target_12,12,Pre to Post
2024-08-01,2.8962427776042965,2.5573263501037444,1.168887033940358,RandomForest,CPI,cpi_target_12,12,Pre to Post
2022-04-01,4.831462139426179,2.932311390085069,1.168887033940358,GradientBoosting,CPI,cpi_target_12,12,Pre to Post
2022-08-01,3.654892405819865,2.3435305247870253,1.168887033940358,GradientBoosting,CPI,cpi_target_12,12,Pre to Post
2023-03-01,3.427421970979782,2.545280955627914,1.168887033940358,GradientBoosting,CPI,cpi_target_12,12,Pre to Post
2023-12-01,2.8302586032356913,2.1638361811731235,1.168887033940358,GradientBoosting,CPI,cpi_target_12,12,Pre to Post
2024-08-01,2.8962427776042965,2.365063398899822,1.168887033940358,GradientBoosting,CPI,cpi_target_12,12,Pre to Post
2025-03-01,2.53914832147153,2.1995477842605027,2.1995477842605027,Persistence,PCE,pce_target_3,3,Pre to Post
2025-06-01,2.7739449452209186,2.1995477842605027,2.1995477842605027,Persistence,PCE,pce_target_3,3,Pre to Post
2025-03-01,2.53914832147153,1.6569171371795393,2.1995477842605027,AR,PCE,pce_target_3,3,Pre to Post
2025-06-01,2.7739449452209186,2.762789072885495,2.1995477842605027,AR,PCE,pce_target_3,3,Pre to Post
2025-03-01,2.53914832147153,2.033048255057468,2.1995477842605027,OLS,PCE,pce_target_3,3,Pre to Post
2025-06-01,2.7739449452209186,2.98132018241071,2.1995477842605027,OLS,PCE,pce_target_3,3,Pre to Post
2025-03-01,2.53914832147153,2.046739261935766,2.1995477842605027,Ridge,PCE,pce_target_3,3,Pre to Post
2025-06-01,2.7739449452209186,2.9615541935523515,2.1995477842605027,Ridge,PCE,pce_target_3,3,Pre to Post
2025-03-01,2.53914832147153,1.9913531843643848,2.1995477842605027,Lasso,PCE,pce_target_3,3,Pre to Post
2025-06-01,2.7739449452209186,2.9563019617642796,2.1995477842605027,Lasso,PCE,pce_target_3,3,Pre to Post
2025-03-01,2.53914832147153,2.0092631371074248,2.1995477842605027,ElasticNet,PCE,pce_target_3,3,Pre to Post
2025-06-01,2.7739449452209186,2.95500604327879,2.1995477842605027,ElasticNet,PCE,pce_target_3,3,Pre to Post
2025-03-01,2.53914832147153,2.055076535635553,2.1995477842605027,Huber,PCE,pce_target_3,3,Pre to Post
2025-06-01,2.7739449452209186,2.888835892083294,2.1995477842605027,Huber,PCE,pce_target_3,3,Pre to Post
2025-03-01,2.53914832147153,1.6534360088770317,2.1995477842605027,RandomForest,PCE,pce_target_3,3,Pre to Post
2025-06-01,2.7739449452209186,3.0147630477383878,2.1995477842605027,RandomForest,PCE,pce_target_3,3,Pre to Post
2025-03-01,2.53914832147153,2.4338416700390417,2.1995477842605027,GradientBoosting,PCE,pce_target_3,3,Pre to Post
2025-06-01,2.7739449452209186,3.624646913626981,2.1995477842605027,GradientBoosting,PCE,pce_target_3,3,Pre to Post
2021-10-01,7.182450567861309,1.5842924930723257,1.5842924930723257,Persistence,PCE,pce_target_6,6,Pre to Post
2021-12-01,7.774469073877732,1.5842924930723257,1.5842924930723257,Persistence,PCE,pce_target_6,6,Pre to Post
2022-07-01,4.0519274775034475,1.5842924930723257,1.5842924930723257,Persistence,PCE,pce_target_6,6,Pre to Post
2023-02-01,2.6646090428267044,1.5842924930723257,1.5842924930723257,Persistence,PCE,pce_target_6,6,Pre to Post
2023-11-01,3.0305961733217757,1.5842924930723257,1.5842924930723257,Persistence,PCE,pce_target_6,6,Pre to Post
2024-05-01,2.079176738868327,1.5842924930723257,1.5842924930723257,Persistence,PCE,pce_target_6,6,Pre to Post
2024-09-01,2.8420541814570655,1.5842924930723257,1.5842924930723257,Persistence,PCE,pce_target_6,6,Pre to Post
2024-10-01,2.6428306229396625,1.5842924930723257,1.5842924930723257,Persistence,PCE,pce_target_6,6,Pre to Post
2025-02-01,2.1673579293786105,1.5842924930723257,1.5842924930723257,Persistence,PCE,pce_target_6,6,Pre to Post
2025-06-01,2.8717510141383684,1.5842924930723257,1.5842924930723257,Persistence,PCE,pce_target_6,6,Pre to Post
2025-07-01,3.133794700143966,1.5842924930723257,1.5842924930723257,Persistence,PCE,pce_target_6,6,Pre to Post
2021-10-01,7.182450567861309,7.1372488746774545,1.5842924930723257,AR,PCE,pce_target_6,6,Pre to Post
2021-12-01,7.774469073877732,6.437499362964758,1.5842924930723257,AR,PCE,pce_target_6,6,Pre to Post
2022-07-01,4.0519274775034475,2.8795976963416607,1.5842924930723257,AR,PCE,pce_target_6,6,Pre to Post
2023-02-01,2.6646090428267044,2.6040208502214233,1.5842924930723257,AR,PCE,pce_target_6,6,Pre to Post
2023-11-01,3.0305961733217757,2.933448839027182,1.5842924930723257,AR,PCE,pce_target_6,6,Pre to Post
2024-05-01,2.079176738868327,1.9205603978603811,1.5842924930723257,AR,PCE,pce_target_6,6,Pre to Post
2024-09-01,2.8420541814570655,3.123123693038466,1.5842924930723257,AR,PCE,pce_target_6,6,Pre to Post
2024-10-01,2.6428306229396625,2.7676683614055455,1.5842924930723257,AR,PCE,pce_target_6,6,Pre to Post
2025-02-01,2.1673579293786105,2.425349207132577,1.5842924930723257,AR,PCE,pce_target_6,6,Pre to Post
2025-06-01,2.8717510141383684,2.7182034232680317,1.5842924930723257,AR,PCE,pce_target_6,6,Pre to Post
2025-07-01,3.133794700143966,2.7933087412090787,1.5842924930723257,AR,PCE,pce_target_6,6,Pre to Post
2021-10-01,7.182450567861309,7.420865814074738,1.5842924930723257,OLS,PCE,pce_target_6,6,Pre to Post
2021-12-01,7.774469073877732,6.700081408432845,1.5842924930723257,OLS,PCE,pce_target_6,6,Pre to Post
2022-07-01,4.0519274775034475,3.122896969652491,1.5842924930723257,OLS,PCE,pce_target_6,6,Pre to Post
2023-02-01,2.6646090428267044,2.8490286777665745,1.5842924930723257,OLS,PCE,pce_target_6,6,Pre to Post
2023-11-01,3.0305961733217757,3.1965211812118395,1.5842924930723257,OLS,PCE,pce_target_6,6,Pre to Post
2024-05-01,2.079176738868327,2.02477439759611,1.5842924930723257,OLS,PCE,pce_target_6,6,Pre to Post
2024-09-01,2.8420541814570655,3.2951788722419435,1.5842924930723257,OLS,PCE,pce_target_6,6,Pre to Post
2024-10-01,2.6428306229396625,2.8828896526461394,1.5842924930723257,OLS,PCE,pce_target_6,6,Pre to Post
2025-02-01,2.1673579293786105,2.471737797743778,1.5842924930723257,OLS,PCE,pce_target_6,6,Pre to Post
2025-06-01,2.8717510141383684,2.8165684730487777,1.5842924930723257,OLS,PCE,pce_target_6,6,Pre to Post
2025-07-01,3.133794700143966,2.873354936583807,1.5842924930723257,OLS,PCE,pce_target_6,6,Pre to Post
2021-10-01,7.182450567861309,7.1851307313144135,1.5842924930723257,Ridge,PCE,pce_target_6,6,Pre to Post
2021-12-01,7.774469073877732,6.4835507045112175,1.5842924930723257,Ridge,PCE,pce_target_6,6,Pre to Post
2022-07-01,4.0519274775034475,3.0203769317319127,1.5842924930723257,Ridge,PCE,pce_target_6,6,Pre to Post
2023-02-01,2.6646090428267044,2.7840389669991534,1.5842924930723257,Ridge,PCE,pce_target_6,6,Pre to Post
2023-11-01,3.0305961733217757,3.130423307402663,1.5842924930723257,Ridge,PCE,pce_target_6,6,Pre to Post
2024-05-01,2.079176738868327,2.0131163801993233,1.5842924930723257,Ridge,PCE,pce_target_6,6,Pre to Post
2024-09-01,2.8420541814570655,3.241792501735062,1.5842924930723257,Ridge,PCE,pce_target_6,6,Pre to Post
2024-10-01,2.6428306229396625,2.8437919533572478,1.5842924930723257,Ridge,PCE,pce_target_6,6,Pre to Post
2025-02-01,2.1673579293786105,2.448421074253771,1.5842924930723257,Ridge,PCE,pce_target_6,6,Pre to Post
2025-06-01,2.8717510141383684,2.777668161425681,1.5842924930723257,Ridge,PCE,pce_target_6,6,Pre to Post
2025-07-01,3.133794700143966,2.8359835485218476,1.5842924930723257,Ridge,PCE,pce_target_6,6,Pre to Post
2021-10-01,7.182450567861309,7.181201632504955,1.5842924930723257,Lasso,PCE,pce_target_6,6,Pre to Post
2021-12-01,7.774469073877732,6.46659528576752,1.5842924930723257,Lasso,PCE,pce_target_6,6,Pre to Post
2022-07-01,4.0519274775034475,2.9496685461825667,1.5842924930723257,Lasso,PCE,pce_target_6,6,Pre to Post
2023-02-01,2.6646090428267044,2.7049713191241533,1.5842924930723257,Lasso,PCE,pce_target_6,6,Pre to Post
2023-11-01,3.0305961733217757,3.0577341475728472,1.5842924930723257,Lasso,PCE,pce_target_6,6,Pre to Post
2024-05-01,2.079176738868327,1.9514821202719057,1.5842924930723257,Lasso,PCE,pce_target_6,6,Pre to Post
2024-09-01,2.8420541814570655,3.1953603270826862,1.5842924930723257,Lasso,PCE,pce_target_6,6,Pre to Post
2024-10-01,2.6428306229396625,2.7981788732568624,1.5842924930723257,Lasso,PCE,pce_target_6,6,Pre to Post
2025-02-01,2.1673579293786105,2.409797867450045,1.5842924930723257,Lasso,PCE,pce_target_6,6,Pre to Post
2025-06-01,2.8717510141383684,2.737242702108535,1.5842924930723257,Lasso,PCE,pce_target_6,6,Pre to Post
2025-07-01,3.133794700143966,2.8004006764203258,1.5842924930723257,Lasso,PCE,pce_target_6,6,Pre to Post
2021-10-01,7.182450567861309,7.1070683251391475,1.5842924930723257,ElasticNet,PCE,pce_target_6,6,Pre to Post
2021-12-01,7.774469073877732,6.402143728247964,1.5842924930723257,ElasticNet,PCE,pce_target_6,6,Pre to Post
2022-07-01,4.0519274775034475,2.936022469082947,1.5842924930723257,ElasticNet,PCE,pce_target_6,6,Pre to Post
2023-02-01,2.6646090428267044,2.7051347404133383,1.5842924930723257,ElasticNet,PCE,pce_target_6,6,Pre to Post
2023-11-01,3.0305961733217757,3.055687125342158,1.5842924930723257,ElasticNet,PCE,pce_target_6,6,Pre to Post
2024-05-01,2.079176738868327,1.963864953732515,1.5842924930723257,ElasticNet,PCE,pce_target_6,6,Pre to Post
2024-09-01,2.8420541814570655,3.190292960763402,1.5842924930723257,ElasticNet,PCE,pce_target_6,6,Pre to Post
2024-10-01,2.6428306229396625,2.7975142813713245,1.5842924930723257,ElasticNet,PCE,pce_target_6,6,Pre to Post
2025-02-01,2.1673579293786105,2.412371424693881,1.5842924930723257,ElasticNet,PCE,pce_target_6,6,Pre to Post
2025-06-01,2.8717510141383684,2.7353149885019326,1.5842924930723257,ElasticNet,PCE,pce_target_6,6,Pre to Post
2025-07-01,3.133794700143966,2.7976493758120573,1.5842924930723257,ElasticNet,PCE,pce_target_6,6,Pre to Post
2021-10-01,7.182450567861309,7.134928436617363,1.5842924930723257,Huber,PCE,pce_target_6,6,Pre to Post
2021-12-01,7.774469073877732,6.434995985298933,1.5842924930723257,Huber,PCE,pce_target_6,6,Pre to Post
2022-07-01,4.0519274775034475,2.955898316057252,1.5842924930723257,Huber,PCE,pce_target_6,6,Pre to Post
2023-02-01,2.6646090428267044,2.7369456425878926,1.5842924930723257,Huber,PCE,pce_target_6,6,Pre to Post
2023-11-01,3.0305961733217757,3.084656708912373,1.5842924930723257,Huber,PCE,pce_target_6,6,Pre to Post
2024-05-01,2.079176738868327,2.0076329598888214,1.5842924930723257,Huber,PCE,pce_target_6,6,Pre to Post
2024-09-01,2.8420541814570655,3.2227243794778357,1.5842924930723257,Huber,PCE,pce_target_6,6,Pre to Post
2024-10-01,2.6428306229396625,2.8380885276661294,1.5842924930723257,Huber,PCE,pce_target_6,6,Pre to Post
2025-02-01,2.1673579293786105,2.45751572426181,1.5842924930723257,Huber,PCE,pce_target_6,6,Pre to Post
2025-06-01,2.8717510141383684,2.7725490015534673,1.5842924930723257,Huber,PCE,pce_target_6,6,Pre to Post
2025-07-01,3.133794700143966,2.837136888197793,1.5842924930723257,Huber,PCE,pce_target_6,6,Pre to Post
2021-10-01,7.182450567861309,2.812083789961627,1.5842924930723257,RandomForest,PCE,pce_target_6,6,Pre to Post
2021-12-01,7.774469073877732,2.812083789961627,1.5842924930723257,RandomForest,PCE,pce_target_6,6,Pre to Post
2022-07-01,4.0519274775034475,2.8559943360267526,1.5842924930723257,RandomForest,PCE,pce_target_6,6,Pre to Post
2023-02-01,2.6646090428267044,2.811240257339571,1.5842924930723257,RandomForest,PCE,pce_target_6,6,Pre to Post
2023-11-01,3.0305961733217757,2.8188263534608633,1.5842924930723257,RandomForest,PCE,pce_target_6,6,Pre to Post
2024-05-01,2.079176738868327,1.5420282649186166,1.5842924930723257,RandomForest,PCE,pce_target_6,6,Pre to Post
2024-09-01,2.8420541814570655,2.8188263534608633,1.5842924930723257,RandomForest,PCE,pce_target_6,6,Pre to Post
2024-10-01,2.6428306229396625,2.8034080776850163,1.5842924930723257,RandomForest,PCE,pce_target_6,6,Pre to Post
2025-02-01,2.1673579293786105,2.765825151644062,1.5842924930723257,RandomForest,PCE,pce_target_6,6,Pre to Post
2025-06-01,2.8717510141383684,2.8034080776850163,1.5842924930723257,RandomForest,PCE,pce_target_6,6,Pre to Post
2025-07-01,3.133794700143966,2.8188263534608633,1.5842924930723257,RandomForest,PCE,pce_target_6,6,Pre to Post
2021-10-01,7.182450567861309,3.1190278227913018,1.5842924930723257,GradientBoosting,PCE,pce_target_6,6,Pre to Post
2021-12-01,7.774469073877732,3.1190278227913018,1.5842924930723257,GradientBoosting,PCE,pce_target_6,6,Pre to Post
2022-07-01,4.0519274775034475,2.243602897562617,1.5842924930723257,GradientBoosting,PCE,pce_target_6,6,Pre to Post
2023-02-01,2.6646090428267044,2.386397583252489,1.5842924930723257,GradientBoosting,PCE,pce_target_6,6,Pre to Post
2023-11-01,3.0305961733217757,2.7809228431456576,1.5842924930723257,GradientBoosting,PCE,pce_target_6,6,Pre to Post
2024-05-01,2.079176738868327,2.00891498153329,1.5842924930723257,GradientBoosting,PCE,pce_target_6,6,Pre to Post
2024-09-01,2.8420541814570655,3.6839314476118914,1.5842924930723257,GradientBoosting,PCE,pce_target_6,6,Pre to Post
2024-10-01,2.6428306229396625,2.0453199520982985,1.5842924930723257,GradientBoosting,PCE,pce_target_6,6,Pre to Post
2025-02-01,2.1673579293786105,2.1125007987155953,1.5842924930723257,GradientBoosting,PCE,pce_target_6,6,Pre to Post
2025-06-01,2.8717510141383684,2.442248918839825,1.5842924930723257,GradientBoosting,PCE,pce_target_6,6,Pre to Post
2025-07-01,3.133794700143966,2.1539807314151505,1.5842924930723257,GradientBoosting,PCE,pce_target_6,6,Pre to Post
2021-06-01,6.99315015726647,1.1792837426083835,1.1792837426083835,Persistence,PCE,pce_target_12,12,Pre to Post
2021-08-01,6.428546652772038,1.1792837426083835,1.1792837426083835,Persistence,PCE,pce_target_12,12,Pre to Post
2021-12-01,5.37308022156493,1.1792837426083835,1.1792837426083835,Persistence,PCE,pce_target_12,12,Pre to Post
2022-06-01,3.2317337085593145,1.1792837426083835,1.1792837426083835,Persistence,PCE,pce_target_12,12,Pre to Post
2023-04-01,2.7869551142379656,1.1792837426083835,1.1792837426083835,Persistence,PCE,pce_target_12,12,Pre to Post
2023-07-01,2.5612938009445863,1.1792837426083835,1.1792837426083835,Persistence,PCE,pce_target_12,12,Pre to Post
2024-07-01,2.5721812482315087,1.1792837426083835,1.1792837426083835,Persistence,PCE,pce_target_12,12,Pre to Post
2021-06-01,6.99315015726647,6.053066089340208,1.1792837426083835,AR,PCE,pce_target_12,12,Pre to Post
2021-08-01,6.428546652772038,6.539162668272526,1.1792837426083835,AR,PCE,pce_target_12,12,Pre to Post
2021-12-01,5.37308022156493,5.8582059122742445,1.1792837426083835,AR,PCE,pce_target_12,12,Pre to Post
2022-06-01,3.2317337085593145,4.106156331184042,1.1792837426083835,AR,PCE,pce_target_12,12,Pre to Post
2023-04-01,2.7869551142379656,2.5151704936125165,1.1792837426083835,AR,PCE,pce_target_12,12,Pre to Post
2023-07-01,2.5612938009445863,2.4758514588885068,1.1792837426083835,AR,PCE,pce_target_12,12,Pre to Post
2024-07-01,2.5721812482315087,2.2911201507343084,1.1792837426083835,AR,PCE,pce_target_12,12,Pre to Post
2021-06-01,6.99315015726647,6.398004712292794,1.1792837426083835,OLS,PCE,pce_target_12,12,Pre to Post
2021-08-01,6.428546652772038,6.947205344906864,1.1792837426083835,OLS,PCE,pce_target_12,12,Pre to Post
2021-12-01,5.37308022156493,6.295522821881787,1.1792837426083835,OLS,PCE,pce_target_12,12,Pre to Post
2022-06-01,3.2317337085593145,4.4691605125395775,1.1792837426083835,OLS,PCE,pce_target_12,12,Pre to Post
2023-04-01,2.7869551142379656,2.5894606868056105,1.1792837426083835,OLS,PCE,pce_target_12,12,Pre to Post
2023-07-01,2.5612938009445863,2.4785588570341512,1.1792837426083835,OLS,PCE,pce_target_12,12,Pre to Post
2024-07-01,2.5721812482315087,2.182855198595401,1.1792837426083835,OLS,PCE,pce_target_12,12,Pre to Post
2021-06-01,6.99315015726647,6.207143692773355,1.1792837426083835,Ridge,PCE,pce_target_12,12,Pre to Post
2021-08-01,6.428546652772038,6.7313060780830565,1.1792837426083835,Ridge,PCE,pce_target_12,12,Pre to Post
2021-12-01,5.37308022156493,6.092837142926406,1.1792837426083835,Ridge,PCE,pce_target_12,12,Pre to Post
2022-06-01,3.2317337085593145,4.329937480408296,1.1792837426083835,Ridge,PCE,pce_target_12,12,Pre to Post
2023-04-01,2.7869551142379656,2.550548701798034,1.1792837426083835,Ridge,PCE,pce_target_12,12,Pre to Post
2023-07-01,2.5612938009445863,2.4540654658657726,1.1792837426083835,Ridge,PCE,pce_target_12,12,Pre to Post
2024-07-01,2.5721812482315087,2.183988046603063,1.1792837426083835,Ridge,PCE,pce_target_12,12,Pre to Post
2021-06-01,6.99315015726647,6.108664865008455,1.1792837426083835,Lasso,PCE,pce_target_12,12,Pre to Post
2021-08-01,6.428546652772038,6.609419343687419,1.1792837426083835,Lasso,PCE,pce_target_12,12,Pre to Post
2021-12-01,5.37308022156493,5.948545856548769,1.1792837426083835,Lasso,PCE,pce_target_12,12,Pre to Post
2022-06-01,3.2317337085593145,4.193806010753535,1.1792837426083835,Lasso,PCE,pce_target_12,12,Pre to Post
2023-04-01,2.7869551142379656,2.5067520963500827,1.1792837426083835,Lasso,PCE,pce_target_12,12,Pre to Post
2023-07-01,2.5612938009445863,2.4406538190752216,1.1792837426083835,Lasso,PCE,pce_target_12,12,Pre to Post
2024-07-01,2.5721812482315087,2.217941719530486,1.1792837426083835,Lasso,PCE,pce_target_12,12,Pre to Post
2021-06-01,6.99315015726647,6.080847028086268,1.1792837426083835,ElasticNet,PCE,pce_target_12,12,Pre to Post
2021-08-01,6.428546652772038,6.580871777369728,1.1792837426083835,ElasticNet,PCE,pce_target_12,12,Pre to Post
2021-12-01,5.37308022156493,5.930020150703401,1.1792837426083835,ElasticNet,PCE,pce_target_12,12,Pre to Post
2022-06-01,3.2317337085593145,4.191383675372314,1.1792837426083835,ElasticNet,PCE,pce_target_12,12,Pre to Post
2023-04-01,2.7869551142379656,2.5079427736279607,1.1792837426083835,ElasticNet,PCE,pce_target_12,12,Pre to Post
2023-07-01,2.5612938009445863,2.4376084219489593,1.1792837426083835,ElasticNet,PCE,pce_target_12,12,Pre to Post
2024-07-01,2.5721812482315087,2.2091790668985753,1.1792837426083835,ElasticNet,PCE,pce_target_12,12,Pre to Post
2021-06-01,6.99315015726647,6.539335653042645,1.1792837426083835,Huber,PCE,pce_target_12,12,Pre to Post
2021-08-01,6.428546652772038,7.105007809628835,1.1792837426083835,Huber,PCE,pce_target_12,12,Pre to Post
2021-12-01,5.37308022156493,6.439206938686224,1.1792837426083835,Huber,PCE,pce_target_12,12,Pre to Post
2022-06-01,3.2317337085593145,4.5738923731763075,1.1792837426083835,Huber,PCE,pce_target_12,12,Pre to Post
2023-04-01,2.7869551142379656,2.6728646327670718,1.1792837426083835,Huber,PCE,pce_target_12,12,Pre to Post
2023-07-01,2.5612938009445863,2.5597568989005026,1.1792837426083835,Huber,PCE,pce_target_12,12,Pre to Post
2024-07-01,2.5721812482315087,2.254697419289532,1.1792837426083835,Huber,PCE,pce_target_12,12,Pre to Post
2021-06-01,6.99315015726647,2.7058011465896796,1.1792837426083835,RandomForest,PCE,pce_target_12,12,Pre to Post
2021-08-01,6.428546652772038,2.7058011465896796,1.1792837426083835,RandomForest,PCE,pce_target_12,12,Pre to Post
2021-12-01,5.37308022156493,2.7058011465896796,1.1792837426083835,RandomForest,PCE,pce_target_12,12,Pre to Post
2022-06-01,3.2317337085593145,2.7141087676949343,1.1792837426083835,RandomForest,PCE,pce_target_12,12,Pre to Post
2023-04-01,2.7869551142379656,2.7113424560855077,1.1792837426083835,RandomForest,PCE,pce_target_12,12,Pre to Post
2023-07-01,2.5612938009445863,2.705171647450548,1.1792837426083835,RandomForest,PCE,pce_target_12,12,Pre to Post
2024-07-01,2.5721812482315087,2.602046180094211,1.1792837426083835,RandomForest,PCE,pce_target_12,12,Pre to Post
2021-06-01,6.99315015726647,2.6593141068279342,1.1792837426083835,GradientBoosting,PCE,pce_target_12,12,Pre to Post
2021-08-01,6.428546652772038,2.477459862911189,1.1792837426083835,GradientBoosting,PCE,pce_target_12,12,Pre to Post
2021-12-01,5.37308022156493,2.477459862911189,1.1792837426083835,GradientBoosting,PCE,pce_target_12,12,Pre to Post
2022-06-01,3.2317337085593145,2.7278107758360974,1.1792837426083835,GradientBoosting,PCE,pce_target_12,12,Pre to Post
2023-04-01,2.7869551142379656,2.1994103474984072,1.1792837426083835,GradientBoosting,PCE,pce_target_12,12,Pre to Post
2023-07-01,2.5612938009445863,2.728527995739078,1.1792837426083835,GradientBoosting,PCE,pce_target_12,12,Pre to Post
2024-07-01,2.5721812482315087,2.34337358508871,1.1792837426083835,GradientBoosting,PCE,pce_target_12,12,Pre to Post
