date,actual,prediction,benchmark,model,mode,target,target_col,horizon,split
2024-06-01,3.752692769990595,4.187782028698882,4.13440373226468,AR,AR,Wage,wage_target_3,3,Post Window
2024-07-01,4.30965325683168,4.180041434801821,4.13440373226468,AR,AR,Wage,wage_target_3,3,Post Window
2024-09-01,3.9420282442073074,4.505371298631154,4.13440373226468,AR,AR,Wage,wage_target_3,3,Post Window
2024-11-01,3.8020973989711497,4.4076167295156345,3.9420282442073074,AR,AR,Wage,wage_target_3,3,Post Window
2024-12-01,4.679719114919045,4.132457538953756,3.9420282442073074,AR,AR,Wage,wage_target_3,3,Post Window
2025-02-01,3.766297556609288,3.7216173482213506,3.9420282442073074,AR,AR,Wage,wage_target_3,3,Post Window
2024-06-01,3.752692769990595,4.003143592063794,4.13440373226468,OLS,Base,Wage,wage_target_3,3,Post Window
2024-07-01,4.30965325683168,4.005352019029805,4.13440373226468,OLS,Base,Wage,wage_target_3,3,Post Window
2024-09-01,3.9420282442073074,4.506509001851528,4.13440373226468,OLS,Base,Wage,wage_target_3,3,Post Window
2024-06-01,3.752692769990595,3.876316109296178,4.13440373226468,Ridge,Base,Wage,wage_target_3,3,Post Window
2024-07-01,4.30965325683168,3.8591000272965963,4.13440373226468,Ridge,Base,Wage,wage_target_3,3,Post Window
2024-09-01,3.9420282442073074,4.210142024740671,4.13440373226468,Ridge,Base,Wage,wage_target_3,3,Post Window
2024-06-01,3.752692769990595,3.893885103380164,4.13440373226468,ElasticNet,Base,Wage,wage_target_3,3,Post Window
2024-07-01,4.30965325683168,3.87821346008654,4.13440373226468,ElasticNet,Base,Wage,wage_target_3,3,Post Window
2024-09-01,3.9420282442073074,4.289230249060678,4.13440373226468,ElasticNet,Base,Wage,wage_target_3,3,Post Window
2024-06-01,3.752692769990595,4.403087903362692,4.13440373226468,Huber,Base,Wage,wage_target_3,3,Post Window
2024-07-01,4.30965325683168,4.457051828135217,4.13440373226468,Huber,Base,Wage,wage_target_3,3,Post Window
2024-09-01,3.9420282442073074,5.068162250424723,4.13440373226468,Huber,Base,Wage,wage_target_3,3,Post Window
2024-11-01,3.8020973989711497,3.9113962168255942,3.9420282442073074,OLS,Base,Wage,wage_target_3,3,Post Window
2024-12-01,4.679719114919045,3.696952900091865,3.9420282442073074,OLS,Base,Wage,wage_target_3,3,Post Window
2025-02-01,3.766297556609288,3.2974131028318956,3.9420282442073074,OLS,Base,Wage,wage_target_3,3,Post Window
2024-11-01,3.8020973989711497,3.979457313421543,3.9420282442073074,Ridge,Base,Wage,wage_target_3,3,Post Window
2024-12-01,4.679719114919045,3.7870046993183677,3.9420282442073074,Ridge,Base,Wage,wage_target_3,3,Post Window
2025-02-01,3.766297556609288,3.4408905777861976,3.9420282442073074,Ridge,Base,Wage,wage_target_3,3,Post Window
2024-11-01,3.8020973989711497,3.9917425735319503,3.9420282442073074,ElasticNet,Base,Wage,wage_target_3,3,Post Window
2024-12-01,4.679719114919045,3.7636827759353815,3.9420282442073074,ElasticNet,Base,Wage,wage_target_3,3,Post Window
2025-02-01,3.766297556609288,3.3699585772033305,3.9420282442073074,ElasticNet,Base,Wage,wage_target_3,3,Post Window
2024-11-01,3.8020973989711497,3.984176386379295,3.9420282442073074,Huber,Base,Wage,wage_target_3,3,Post Window
2024-12-01,4.679719114919045,3.6997994549031343,3.9420282442073074,Huber,Base,Wage,wage_target_3,3,Post Window
2025-02-01,3.766297556609288,3.238520528787534,3.9420282442073074,Huber,Base,Wage,wage_target_3,3,Post Window
2024-06-01,3.752692769990595,3.8156890077308914,4.13440373226468,OLS,Quits,Wage,wage_target_3,3,Post Window
2024-07-01,4.30965325683168,3.777923210163457,4.13440373226468,OLS,Quits,Wage,wage_target_3,3,Post Window
2024-09-01,3.9420282442073074,4.338911650754936,4.13440373226468,OLS,Quits,Wage,wage_target_3,3,Post Window
2024-06-01,3.752692769990595,3.800485258190103,4.13440373226468,Ridge,Quits,Wage,wage_target_3,3,Post Window
2024-07-01,4.30965325683168,3.7757110275801806,4.13440373226468,Ridge,Quits,Wage,wage_target_3,3,Post Window
2024-09-01,3.9420282442073074,4.092393060020233,4.13440373226468,Ridge,Quits,Wage,wage_target_3,3,Post Window
2024-06-01,3.752692769990595,3.800261787610098,4.13440373226468,ElasticNet,Quits,Wage,wage_target_3,3,Post Window
2024-07-01,4.30965325683168,3.7727966226106,4.13440373226468,ElasticNet,Quits,Wage,wage_target_3,3,Post Window
2024-09-01,3.9420282442073074,4.145385943975755,4.13440373226468,ElasticNet,Quits,Wage,wage_target_3,3,Post Window
2024-06-01,3.752692769990595,3.80368231645565,4.13440373226468,Huber,Quits,Wage,wage_target_3,3,Post Window
2024-07-01,4.30965325683168,3.784618044564587,4.13440373226468,Huber,Quits,Wage,wage_target_3,3,Post Window
2024-09-01,3.9420282442073074,4.153235209469543,4.13440373226468,Huber,Quits,Wage,wage_target_3,3,Post Window
2024-11-01,3.8020973989711497,3.800259181943749,3.9420282442073074,OLS,Quits,Wage,wage_target_3,3,Post Window
2024-12-01,4.679719114919045,3.491741161990699,3.9420282442073074,OLS,Quits,Wage,wage_target_3,3,Post Window
2025-02-01,3.766297556609288,3.0829001295279257,3.9420282442073074,OLS,Quits,Wage,wage_target_3,3,Post Window
2024-11-01,3.8020973989711497,3.946181075981015,3.9420282442073074,Ridge,Quits,Wage,wage_target_3,3,Post Window
2024-12-01,4.679719114919045,3.7379864044880957,3.9420282442073074,Ridge,Quits,Wage,wage_target_3,3,Post Window
2025-02-01,3.766297556609288,3.3970400196479376,3.9420282442073074,Ridge,Quits,Wage,wage_target_3,3,Post Window
2024-11-01,3.8020973989711497,3.944581481120278,3.9420282442073074,ElasticNet,Quits,Wage,wage_target_3,3,Post Window
2024-12-01,4.679719114919045,3.7029729327382337,3.9420282442073074,ElasticNet,Quits,Wage,wage_target_3,3,Post Window
2025-02-01,3.766297556609288,3.3197470894667562,3.9420282442073074,ElasticNet,Quits,Wage,wage_target_3,3,Post Window
2024-11-01,3.8020973989711497,3.5958091447876774,3.9420282442073074,Huber,Quits,Wage,wage_target_3,3,Post Window
2024-12-01,4.679719114919045,3.1941707574065603,3.9420282442073074,Huber,Quits,Wage,wage_target_3,3,Post Window
2025-02-01,3.766297556609288,2.779686368583628,3.9420282442073074,Huber,Quits,Wage,wage_target_3,3,Post Window
2024-06-01,3.752692769990595,3.8367273825005688,4.13440373226468,OLS,Jobless,Wage,wage_target_3,3,Post Window
2024-07-01,4.30965325683168,3.89112563658285,4.13440373226468,OLS,Jobless,Wage,wage_target_3,3,Post Window
2024-09-01,3.9420282442073074,4.2410444389259245,4.13440373226468,OLS,Jobless,Wage,wage_target_3,3,Post Window
2024-06-01,3.752692769990595,3.844835371145138,4.13440373226468,Ridge,Jobless,Wage,wage_target_3,3,Post Window
2024-07-01,4.30965325683168,3.8494055901836237,4.13440373226468,Ridge,Jobless,Wage,wage_target_3,3,Post Window
2024-09-01,3.9420282442073074,4.15261307030018,4.13440373226468,Ridge,Jobless,Wage,wage_target_3,3,Post Window
2024-06-01,3.752692769990595,3.813915716275334,4.13440373226468,ElasticNet,Jobless,Wage,wage_target_3,3,Post Window
2024-07-01,4.30965325683168,3.825953019211216,4.13440373226468,ElasticNet,Jobless,Wage,wage_target_3,3,Post Window
2024-09-01,3.9420282442073074,4.16257147388598,4.13440373226468,ElasticNet,Jobless,Wage,wage_target_3,3,Post Window
2024-06-01,3.752692769990595,3.945404698493356,4.13440373226468,Huber,Jobless,Wage,wage_target_3,3,Post Window
2024-07-01,4.30965325683168,4.023337144608882,4.13440373226468,Huber,Jobless,Wage,wage_target_3,3,Post Window
2024-09-01,3.9420282442073074,4.330670523344338,4.13440373226468,Huber,Jobless,Wage,wage_target_3,3,Post Window
2024-11-01,3.8020973989711497,3.730383241442744,3.9420282442073074,OLS,Jobless,Wage,wage_target_3,3,Post Window
2024-12-01,4.679719114919045,3.3531231667771273,3.9420282442073074,OLS,Jobless,Wage,wage_target_3,3,Post Window
2025-02-01,3.766297556609288,2.95435216821272,3.9420282442073074,OLS,Jobless,Wage,wage_target_3,3,Post Window
2024-11-01,3.8020973989711497,3.917513441389938,3.9420282442073074,Ridge,Jobless,Wage,wage_target_3,3,Post Window
2024-12-01,4.679719114919045,3.676622753474459,3.9420282442073074,Ridge,Jobless,Wage,wage_target_3,3,Post Window
2025-02-01,3.766297556609288,3.3479887470793335,3.9420282442073074,Ridge,Jobless,Wage,wage_target_3,3,Post Window
2024-11-01,3.8020973989711497,3.889711731541426,3.9420282442073074,ElasticNet,Jobless,Wage,wage_target_3,3,Post Window
2024-12-01,4.679719114919045,3.6199917264418175,3.9420282442073074,ElasticNet,Jobless,Wage,wage_target_3,3,Post Window
2025-02-01,3.766297556609288,3.260978129422134,3.9420282442073074,ElasticNet,Jobless,Wage,wage_target_3,3,Post Window
2024-11-01,3.8020973989711497,3.5821272462089464,3.9420282442073074,Huber,Jobless,Wage,wage_target_3,3,Post Window
2024-12-01,4.679719114919045,3.1936190743199386,3.9420282442073074,Huber,Jobless,Wage,wage_target_3,3,Post Window
2025-02-01,3.766297556609288,2.841991610436909,3.9420282442073074,Huber,Jobless,Wage,wage_target_3,3,Post Window
2024-06-01,3.752692769990595,3.7016859884116586,4.13440373226468,OLS,Mix,Wage,wage_target_3,3,Post Window
2024-07-01,4.30965325683168,3.807208826638896,4.13440373226468,OLS,Mix,Wage,wage_target_3,3,Post Window
2024-09-01,3.9420282442073074,3.689933478957567,4.13440373226468,OLS,Mix,Wage,wage_target_3,3,Post Window
2024-06-01,3.752692769990595,3.8132626838574515,4.13440373226468,Ridge,Mix,Wage,wage_target_3,3,Post Window
2024-07-01,4.30965325683168,3.816745130148515,4.13440373226468,Ridge,Mix,Wage,wage_target_3,3,Post Window
2024-09-01,3.9420282442073074,4.105703802413499,4.13440373226468,Ridge,Mix,Wage,wage_target_3,3,Post Window
2024-06-01,3.752692769990595,3.81391522627423,4.13440373226468,ElasticNet,Mix,Wage,wage_target_3,3,Post Window
2024-07-01,4.30965325683168,3.825953005568203,4.13440373226468,ElasticNet,Mix,Wage,wage_target_3,3,Post Window
2024-09-01,3.9420282442073074,4.162570978557434,4.13440373226468,ElasticNet,Mix,Wage,wage_target_3,3,Post Window
2024-06-01,3.752692769990595,4.3204315624964025,4.13440373226468,Huber,Mix,Wage,wage_target_3,3,Post Window
2024-07-01,4.30965325683168,4.4014243936826,4.13440373226468,Huber,Mix,Wage,wage_target_3,3,Post Window
2024-09-01,3.9420282442073074,4.907362983652933,4.13440373226468,Huber,Mix,Wage,wage_target_3,3,Post Window
2024-11-01,3.8020973989711497,2.642334664047852,3.9420282442073074,OLS,Mix,Wage,wage_target_3,3,Post Window
2024-12-01,4.679719114919045,1.8776941544572319,3.9420282442073074,OLS,Mix,Wage,wage_target_3,3,Post Window
2025-02-01,3.766297556609288,1.5783751796046896,3.9420282442073074,OLS,Mix,Wage,wage_target_3,3,Post Window
2024-11-01,3.8020973989711497,3.8816769692842104,3.9420282442073074,Ridge,Mix,Wage,wage_target_3,3,Post Window
2024-12-01,4.679719114919045,3.625611925640714,3.9420282442073074,Ridge,Mix,Wage,wage_target_3,3,Post Window
2025-02-01,3.766297556609288,3.304486133584507,3.9420282442073074,Ridge,Mix,Wage,wage_target_3,3,Post Window
2024-11-01,3.8020973989711497,3.8897113213713297,3.9420282442073074,ElasticNet,Mix,Wage,wage_target_3,3,Post Window
2024-12-01,4.679719114919045,3.6199912549814632,3.9420282442073074,ElasticNet,Mix,Wage,wage_target_3,3,Post Window
2025-02-01,3.766297556609288,3.260977909724448,3.9420282442073074,ElasticNet,Mix,Wage,wage_target_3,3,Post Window
2024-11-01,3.8020973989711497,2.4781354278928003,3.9420282442073074,Huber,Mix,Wage,wage_target_3,3,Post Window
2024-12-01,4.679719114919045,1.6623230319151383,3.9420282442073074,Huber,Mix,Wage,wage_target_3,3,Post Window
2025-02-01,3.766297556609288,1.462629194068207,3.9420282442073074,Huber,Mix,Wage,wage_target_3,3,Post Window
2023-02-01,4.415453797417701,4.420909151334341,4.502666533793498,AR,AR,Wage,wage_target_6,6,Post Window
2023-07-01,3.6300762340979458,4.042470816061942,4.502666533793498,AR,AR,Wage,wage_target_6,6,Post Window
2023-11-01,4.170437814296424,3.8805943129002634,4.502666533793498,AR,AR,Wage,wage_target_6,6,Post Window
2023-12-01,4.155993698349025,4.021666532240564,4.170437814296424,AR,AR,Wage,wage_target_6,6,Post Window
2024-03-01,3.9435482511276376,3.710798315756334,4.170437814296424,AR,AR,Wage,wage_target_6,6,Post Window
2024-05-01,4.029076531860465,4.0162125861174545,4.170437814296424,AR,AR,Wage,wage_target_6,6,Post Window
2024-07-01,4.286684120549467,4.12158255032444,4.029076531860465,AR,AR,Wage,wage_target_6,6,Post Window
2025-03-01,3.241383954231658,3.7611383825567577,4.029076531860465,AR,AR,Wage,wage_target_6,6,Post Window
2025-08-01,3.626130988872944,3.835828268536079,4.029076531860465,AR,AR,Wage,wage_target_6,6,Post Window
2023-02-01,4.415453797417701,4.54516592068903,4.502666533793498,OLS,Base,Wage,wage_target_6,6,Post Window
2023-07-01,3.6300762340979458,4.84595325461261,4.502666533793498,OLS,Base,Wage,wage_target_6,6,Post Window
2023-11-01,4.170437814296424,4.8784370598504845,4.502666533793498,OLS,Base,Wage,wage_target_6,6,Post Window
2023-02-01,4.415453797417701,4.4940961688217715,4.502666533793498,Ridge,Base,Wage,wage_target_6,6,Post Window
2023-07-01,3.6300762340979458,4.557783351786262,4.502666533793498,Ridge,Base,Wage,wage_target_6,6,Post Window
2023-11-01,4.170437814296424,4.527503218340941,4.502666533793498,Ridge,Base,Wage,wage_target_6,6,Post Window
2023-02-01,4.415453797417701,4.549702358768896,4.502666533793498,ElasticNet,Base,Wage,wage_target_6,6,Post Window
2023-07-01,3.6300762340979458,4.676355265791946,4.502666533793498,ElasticNet,Base,Wage,wage_target_6,6,Post Window
2023-11-01,4.170437814296424,4.649375503403606,4.502666533793498,ElasticNet,Base,Wage,wage_target_6,6,Post Window
2023-02-01,4.415453797417701,4.639982957936867,4.502666533793498,Huber,Base,Wage,wage_target_6,6,Post Window
2023-07-01,3.6300762340979458,5.004019654505951,4.502666533793498,Huber,Base,Wage,wage_target_6,6,Post Window
2023-11-01,4.170437814296424,5.058697280449339,4.502666533793498,Huber,Base,Wage,wage_target_6,6,Post Window
2023-12-01,4.155993698349025,4.178521905992565,4.170437814296424,OLS,Base,Wage,wage_target_6,6,Post Window
2024-03-01,3.9435482511276376,4.130228649782216,4.170437814296424,OLS,Base,Wage,wage_target_6,6,Post Window
2024-05-01,4.029076531860465,4.271925276006707,4.170437814296424,OLS,Base,Wage,wage_target_6,6,Post Window
2023-12-01,4.155993698349025,4.19685367671373,4.170437814296424,Ridge,Base,Wage,wage_target_6,6,Post Window
2024-03-01,3.9435482511276376,4.161395092499995,4.170437814296424,Ridge,Base,Wage,wage_target_6,6,Post Window
2024-05-01,4.029076531860465,4.300140190738161,4.170437814296424,Ridge,Base,Wage,wage_target_6,6,Post Window
2023-12-01,4.155993698349025,4.197473039311871,4.170437814296424,ElasticNet,Base,Wage,wage_target_6,6,Post Window
2024-03-01,3.9435482511276376,4.152943412480468,4.170437814296424,ElasticNet,Base,Wage,wage_target_6,6,Post Window
2024-05-01,4.029076531860465,4.304329660874047,4.170437814296424,ElasticNet,Base,Wage,wage_target_6,6,Post Window
2023-12-01,4.155993698349025,4.366940203343422,4.170437814296424,Huber,Base,Wage,wage_target_6,6,Post Window
2024-03-01,3.9435482511276376,4.40966464119575,4.170437814296424,Huber,Base,Wage,wage_target_6,6,Post Window
2024-05-01,4.029076531860465,4.516445809178925,4.170437814296424,Huber,Base,Wage,wage_target_6,6,Post Window
2024-07-01,4.286684120549467,4.115056354582418,4.029076531860465,OLS,Base,Wage,wage_target_6,6,Post Window
2025-03-01,3.241383954231658,3.8964873807919234,4.029076531860465,OLS,Base,Wage,wage_target_6,6,Post Window
2025-08-01,3.626130988872944,4.002077133183468,4.029076531860465,OLS,Base,Wage,wage_target_6,6,Post Window
2024-07-01,4.286684120549467,4.160361053825274,4.029076531860465,Ridge,Base,Wage,wage_target_6,6,Post Window
2025-03-01,3.241383954231658,4.019532965607572,4.029076531860465,Ridge,Base,Wage,wage_target_6,6,Post Window
2025-08-01,3.626130988872944,4.112122717560762,4.029076531860465,Ridge,Base,Wage,wage_target_6,6,Post Window
2024-07-01,4.286684120549467,4.197828567223995,4.029076531860465,ElasticNet,Base,Wage,wage_target_6,6,Post Window
2025-03-01,3.241383954231658,4.050499789961514,4.029076531860465,ElasticNet,Base,Wage,wage_target_6,6,Post Window
2025-08-01,3.626130988872944,4.137524872449813,4.029076531860465,ElasticNet,Base,Wage,wage_target_6,6,Post Window
2024-07-01,4.286684120549467,4.209154532035193,4.029076531860465,Huber,Base,Wage,wage_target_6,6,Post Window
2025-03-01,3.241383954231658,3.9422725313892224,4.029076531860465,Huber,Base,Wage,wage_target_6,6,Post Window
2025-08-01,3.626130988872944,4.034159419831752,4.029076531860465,Huber,Base,Wage,wage_target_6,6,Post Window
2023-02-01,4.415453797417701,4.470085943740506,4.502666533793498,OLS,Quits,Wage,wage_target_6,6,Post Window
2023-07-01,3.6300762340979458,4.519724303737195,4.502666533793498,OLS,Quits,Wage,wage_target_6,6,Post Window
2023-11-01,4.170437814296424,4.487211389808826,4.502666533793498,OLS,Quits,Wage,wage_target_6,6,Post Window
2023-02-01,4.415453797417701,4.2884606588806635,4.502666533793498,Ridge,Quits,Wage,wage_target_6,6,Post Window
2023-07-01,3.6300762340979458,4.041680135140948,4.502666533793498,Ridge,Quits,Wage,wage_target_6,6,Post Window
2023-11-01,4.170437814296424,3.9794890987296316,4.502666533793498,Ridge,Quits,Wage,wage_target_6,6,Post Window
2023-02-01,4.415453797417701,4.415784127280063,4.502666533793498,ElasticNet,Quits,Wage,wage_target_6,6,Post Window
2023-07-01,3.6300762340979458,4.325256584394817,4.502666533793498,ElasticNet,Quits,Wage,wage_target_6,6,Post Window
2023-11-01,4.170437814296424,4.2794488220418785,4.502666533793498,ElasticNet,Quits,Wage,wage_target_6,6,Post Window
2023-02-01,4.415453797417701,4.470070247167078,4.502666533793498,Huber,Quits,Wage,wage_target_6,6,Post Window
2023-07-01,3.6300762340979458,4.5196750108323736,4.502666533793498,Huber,Quits,Wage,wage_target_6,6,Post Window
2023-11-01,4.170437814296424,4.487158634784999,4.502666533793498,Huber,Quits,Wage,wage_target_6,6,Post Window
2023-12-01,4.155993698349025,3.9354828909910915,4.170437814296424,OLS,Quits,Wage,wage_target_6,6,Post Window
2024-03-01,3.9435482511276376,3.807734742886138,4.170437814296424,OLS,Quits,Wage,wage_target_6,6,Post Window
2024-05-01,4.029076531860465,3.9222224729124733,4.170437814296424,OLS,Quits,Wage,wage_target_6,6,Post Window
2023-12-01,4.155993698349025,3.994157420677308,4.170437814296424,Ridge,Quits,Wage,wage_target_6,6,Post Window
2024-03-01,3.9435482511276376,3.9036386391743636,4.170437814296424,Ridge,Quits,Wage,wage_target_6,6,Post Window
2024-05-01,4.029076531860465,4.010753071639191,4.170437814296424,Ridge,Quits,Wage,wage_target_6,6,Post Window
2023-12-01,4.155993698349025,3.972944590351841,4.170437814296424,ElasticNet,Quits,Wage,wage_target_6,6,Post Window
2024-03-01,3.9435482511276376,3.866191046436593,4.170437814296424,ElasticNet,Quits,Wage,wage_target_6,6,Post Window
2024-05-01,4.029076531860465,3.973537789471714,4.170437814296424,ElasticNet,Quits,Wage,wage_target_6,6,Post Window
2023-12-01,4.155993698349025,4.103950622210021,4.170437814296424,Huber,Quits,Wage,wage_target_6,6,Post Window
2024-03-01,3.9435482511276376,4.036939722109351,4.170437814296424,Huber,Quits,Wage,wage_target_6,6,Post Window
2024-05-01,4.029076531860465,4.143509359584758,4.170437814296424,Huber,Quits,Wage,wage_target_6,6,Post Window
2024-07-01,4.286684120549467,4.050669635142152,4.029076531860465,OLS,Quits,Wage,wage_target_6,6,Post Window
2025-03-01,3.241383954231658,4.062101707522003,4.029076531860465,OLS,Quits,Wage,wage_target_6,6,Post Window
2025-08-01,3.626130988872944,3.912625967896286,4.029076531860465,OLS,Quits,Wage,wage_target_6,6,Post Window
2024-07-01,4.286684120549467,4.086770886836008,4.029076531860465,Ridge,Quits,Wage,wage_target_6,6,Post Window
2025-03-01,3.241383954231658,4.078453245580315,4.029076531860465,Ridge,Quits,Wage,wage_target_6,6,Post Window
2025-08-01,3.626130988872944,3.9997528961407114,4.029076531860465,Ridge,Quits,Wage,wage_target_6,6,Post Window
2024-07-01,4.286684120549467,4.075971324629199,4.029076531860465,ElasticNet,Quits,Wage,wage_target_6,6,Post Window
2025-03-01,3.241383954231658,4.049625544469708,4.029076531860465,ElasticNet,Quits,Wage,wage_target_6,6,Post Window
2025-08-01,3.626130988872944,3.9426888753557843,4.029076531860465,ElasticNet,Quits,Wage,wage_target_6,6,Post Window
2024-07-01,4.286684120549467,4.1017390707660155,4.029076531860465,Huber,Quits,Wage,wage_target_6,6,Post Window
2025-03-01,3.241383954231658,4.066793221967315,4.029076531860465,Huber,Quits,Wage,wage_target_6,6,Post Window
2025-08-01,3.626130988872944,3.9327442113601307,4.029076531860465,Huber,Quits,Wage,wage_target_6,6,Post Window
2023-02-01,4.415453797417701,4.5013203287179815,4.502666533793498,OLS,Jobless,Wage,wage_target_6,6,Post Window
2023-07-01,3.6300762340979458,4.775522434739569,4.502666533793498,OLS,Jobless,Wage,wage_target_6,6,Post Window
2023-11-01,4.170437814296424,4.8279345622069325,4.502666533793498,OLS,Jobless,Wage,wage_target_6,6,Post Window
2023-02-01,4.415453797417701,4.460890280251509,4.502666533793498,Ridge,Jobless,Wage,wage_target_6,6,Post Window
2023-07-01,3.6300762340979458,4.478277220441439,4.502666533793498,Ridge,Jobless,Wage,wage_target_6,6,Post Window
2023-11-01,4.170437814296424,4.447996370897213,4.502666533793498,Ridge,Jobless,Wage,wage_target_6,6,Post Window
2023-02-01,4.415453797417701,4.534014857766368,4.502666533793498,ElasticNet,Jobless,Wage,wage_target_6,6,Post Window
2023-07-01,3.6300762340979458,4.63563040181438,4.502666533793498,ElasticNet,Jobless,Wage,wage_target_6,6,Post Window
2023-11-01,4.170437814296424,4.611727372941408,4.502666533793498,ElasticNet,Jobless,Wage,wage_target_6,6,Post Window
2023-02-01,4.415453797417701,4.599349907452513,4.502666533793498,Huber,Jobless,Wage,wage_target_6,6,Post Window
2023-07-01,3.6300762340979458,4.9247096161542085,4.502666533793498,Huber,Jobless,Wage,wage_target_6,6,Post Window
2023-11-01,4.170437814296424,4.997945013743399,4.502666533793498,Huber,Jobless,Wage,wage_target_6,6,Post Window
2023-12-01,4.155993698349025,4.2011453416209505,4.170437814296424,OLS,Jobless,Wage,wage_target_6,6,Post Window
2024-03-01,3.9435482511276376,4.1892141044806115,4.170437814296424,OLS,Jobless,Wage,wage_target_6,6,Post Window
2024-05-01,4.029076531860465,4.318336147301796,4.170437814296424,OLS,Jobless,Wage,wage_target_6,6,Post Window
2023-12-01,4.155993698349025,4.215051894380435,4.170437814296424,Ridge,Jobless,Wage,wage_target_6,6,Post Window
2024-03-01,3.9435482511276376,4.205000067444504,4.170437814296424,Ridge,Jobless,Wage,wage_target_6,6,Post Window
2024-05-01,4.029076531860465,4.32334683734086,4.170437814296424,Ridge,Jobless,Wage,wage_target_6,6,Post Window
2023-12-01,4.155993698349025,4.205114234184172,4.170437814296424,ElasticNet,Jobless,Wage,wage_target_6,6,Post Window
2024-03-01,3.9435482511276376,4.178306531719496,4.170437814296424,ElasticNet,Jobless,Wage,wage_target_6,6,Post Window
2024-05-01,4.029076531860465,4.311462715412647,4.170437814296424,ElasticNet,Jobless,Wage,wage_target_6,6,Post Window
2023-12-01,4.155993698349025,4.3306020119731246,4.170437814296424,Huber,Jobless,Wage,wage_target_6,6,Post Window
2024-03-01,3.9435482511276376,4.331097803847297,4.170437814296424,Huber,Jobless,Wage,wage_target_6,6,Post Window
2024-05-01,4.029076531860465,4.446930408798643,4.170437814296424,Huber,Jobless,Wage,wage_target_6,6,Post Window
2024-07-01,4.286684120549467,4.20319092751417,4.029076531860465,OLS,Jobless,Wage,wage_target_6,6,Post Window
2025-03-01,3.241383954231658,4.071311911104005,4.029076531860465,OLS,Jobless,Wage,wage_target_6,6,Post Window
2025-08-01,3.626130988872944,4.162803596479604,4.029076531860465,OLS,Jobless,Wage,wage_target_6,6,Post Window
2024-07-01,4.286684120549467,4.222160655724299,4.029076531860465,Ridge,Jobless,Wage,wage_target_6,6,Post Window
2025-03-01,3.241383954231658,4.133084679525616,4.029076531860465,Ridge,Jobless,Wage,wage_target_6,6,Post Window
2025-08-01,3.626130988872944,4.2163377458269755,4.029076531860465,Ridge,Jobless,Wage,wage_target_6,6,Post Window
2024-07-01,4.286684120549467,4.20737442749206,4.029076531860465,ElasticNet,Jobless,Wage,wage_target_6,6,Post Window
2025-03-01,3.241383954231658,4.075535937920872,4.029076531860465,ElasticNet,Jobless,Wage,wage_target_6,6,Post Window
2025-08-01,3.626130988872944,4.1595650078275614,4.029076531860465,ElasticNet,Jobless,Wage,wage_target_6,6,Post Window
2024-07-01,4.286684120549467,4.240645714653134,4.029076531860465,Huber,Jobless,Wage,wage_target_6,6,Post Window
2025-03-01,3.241383954231658,3.992637049295971,4.029076531860465,Huber,Jobless,Wage,wage_target_6,6,Post Window
2025-08-01,3.626130988872944,4.070331798094641,4.029076531860465,Huber,Jobless,Wage,wage_target_6,6,Post Window
2023-02-01,4.415453797417701,3.659922439190497,4.502666533793498,OLS,Mix,Wage,wage_target_6,6,Post Window
2023-07-01,3.6300762340979458,2.6985955245236735,4.502666533793498,OLS,Mix,Wage,wage_target_6,6,Post Window
2023-11-01,4.170437814296424,2.7881288012481917,4.502666533793498,OLS,Mix,Wage,wage_target_6,6,Post Window
2023-02-01,4.415453797417701,4.193021851788014,4.502666533793498,Ridge,Mix,Wage,wage_target_6,6,Post Window
2023-07-01,3.6300762340979458,3.9323481690718447,4.502666533793498,Ridge,Mix,Wage,wage_target_6,6,Post Window
2023-11-01,4.170437814296424,3.957264310463711,4.502666533793498,Ridge,Mix,Wage,wage_target_6,6,Post Window
2023-02-01,4.415453797417701,4.135033896409723,4.502666533793498,ElasticNet,Mix,Wage,wage_target_6,6,Post Window
2023-07-01,3.6300762340979458,3.8103686235061742,4.502666533793498,ElasticNet,Mix,Wage,wage_target_6,6,Post Window
2023-11-01,4.170437814296424,3.8481087068084494,4.502666533793498,ElasticNet,Mix,Wage,wage_target_6,6,Post Window
2023-02-01,4.415453797417701,3.478323843436768,4.502666533793498,Huber,Mix,Wage,wage_target_6,6,Post Window
2023-07-01,3.6300762340979458,2.293486418835106,4.502666533793498,Huber,Mix,Wage,wage_target_6,6,Post Window
2023-11-01,4.170437814296424,2.363032411674921,4.502666533793498,Huber,Mix,Wage,wage_target_6,6,Post Window
2023-12-01,4.155993698349025,4.069690689663455,4.170437814296424,OLS,Mix,Wage,wage_target_6,6,Post Window
2024-03-01,3.9435482511276376,4.237449922122726,4.170437814296424,OLS,Mix,Wage,wage_target_6,6,Post Window
2024-05-01,4.029076531860465,3.9272595037416735,4.170437814296424,OLS,Mix,Wage,wage_target_6,6,Post Window
2023-12-01,4.155993698349025,3.9745066394948334,4.170437814296424,Ridge,Mix,Wage,wage_target_6,6,Post Window
2024-03-01,3.9435482511276376,3.9152107316906206,4.170437814296424,Ridge,Mix,Wage,wage_target_6,6,Post Window
2024-05-01,4.029076531860465,3.969450156889672,4.170437814296424,Ridge,Mix,Wage,wage_target_6,6,Post Window
2023-12-01,4.155993698349025,3.9515024862203783,4.170437814296424,ElasticNet,Mix,Wage,wage_target_6,6,Post Window
2024-03-01,3.9435482511276376,3.914044749860772,4.170437814296424,ElasticNet,Mix,Wage,wage_target_6,6,Post Window
2024-05-01,4.029076531860465,3.928475975837668,4.170437814296424,ElasticNet,Mix,Wage,wage_target_6,6,Post Window
2023-12-01,4.155993698349025,4.448493649074662,4.170437814296424,Huber,Mix,Wage,wage_target_6,6,Post Window
2024-03-01,3.9435482511276376,4.844295698469525,4.170437814296424,Huber,Mix,Wage,wage_target_6,6,Post Window
2024-05-01,4.029076531860465,4.340459239445369,4.170437814296424,Huber,Mix,Wage,wage_target_6,6,Post Window
2024-07-01,4.286684120549467,3.953664455865565,4.029076531860465,OLS,Mix,Wage,wage_target_6,6,Post Window
2025-03-01,3.241383954231658,4.006108861137764,4.029076531860465,OLS,Mix,Wage,wage_target_6,6,Post Window
2025-08-01,3.626130988872944,3.824978235578202,4.029076531860465,OLS,Mix,Wage,wage_target_6,6,Post Window
2024-07-01,4.286684120549467,4.095448377261675,4.029076531860465,Ridge,Mix,Wage,wage_target_6,6,Post Window
2025-03-01,3.241383954231658,4.134705873456108,4.029076531860465,Ridge,Mix,Wage,wage_target_6,6,Post Window
2025-08-01,3.626130988872944,4.027388830355499,4.029076531860465,Ridge,Mix,Wage,wage_target_6,6,Post Window
2024-07-01,4.286684120549467,4.090241514727616,4.029076531860465,ElasticNet,Mix,Wage,wage_target_6,6,Post Window
2025-03-01,3.241383954231658,4.192409511730743,4.029076531860465,ElasticNet,Mix,Wage,wage_target_6,6,Post Window
2025-08-01,3.626130988872944,4.023869981220086,4.029076531860465,ElasticNet,Mix,Wage,wage_target_6,6,Post Window
2024-07-01,4.286684120549467,4.106268873171187,4.029076531860465,Huber,Mix,Wage,wage_target_6,6,Post Window
2025-03-01,3.241383954231658,4.098290397457886,4.029076531860465,Huber,Mix,Wage,wage_target_6,6,Post Window
2025-08-01,3.626130988872944,3.915663624170999,4.029076531860465,Huber,Mix,Wage,wage_target_6,6,Post Window
2024-01-01,3.897520757795592,3.531085101987731,4.03099804652558,AR,AR,Wage,wage_target_12,12,Post Window
2024-06-01,3.7835534342704142,3.706413269754262,4.03099804652558,AR,AR,Wage,wage_target_12,12,Post Window
2024-07-01,3.8858837316606554,3.792686415137653,4.03099804652558,AR,AR,Wage,wage_target_12,12,Post Window
2024-09-01,3.776128816897417,3.594480831200333,4.03099804652558,AR,AR,Wage,wage_target_12,12,Post Window
2024-10-01,3.845031798928389,3.483879149490445,4.03099804652558,AR,AR,Wage,wage_target_12,12,Post Window
2024-01-01,3.897520757795592,3.0037001461702477,4.03099804652558,OLS,Base,Wage,wage_target_12,12,Post Window
2024-06-01,3.7835534342704142,3.2898811448073357,4.03099804652558,OLS,Base,Wage,wage_target_12,12,Post Window
2024-07-01,3.8858837316606554,3.381024120675586,4.03099804652558,OLS,Base,Wage,wage_target_12,12,Post Window
2024-09-01,3.776128816897417,3.341830524237684,4.03099804652558,OLS,Base,Wage,wage_target_12,12,Post Window
2024-10-01,3.845031798928389,3.079245877376747,4.03099804652558,OLS,Base,Wage,wage_target_12,12,Post Window
2024-01-01,3.897520757795592,4.131521205490799,4.03099804652558,Ridge,Base,Wage,wage_target_12,12,Post Window
2024-06-01,3.7835534342704142,4.499779732950512,4.03099804652558,Ridge,Base,Wage,wage_target_12,12,Post Window
2024-07-01,3.8858837316606554,4.5681116805480935,4.03099804652558,Ridge,Base,Wage,wage_target_12,12,Post Window
2024-09-01,3.776128816897417,4.563571881544513,4.03099804652558,Ridge,Base,Wage,wage_target_12,12,Post Window
2024-10-01,3.845031798928389,4.482893344898075,4.03099804652558,Ridge,Base,Wage,wage_target_12,12,Post Window
2024-01-01,3.897520757795592,4.596035904119131,4.03099804652558,ElasticNet,Base,Wage,wage_target_12,12,Post Window
2024-06-01,3.7835534342704142,5.151549632083289,4.03099804652558,ElasticNet,Base,Wage,wage_target_12,12,Post Window
2024-07-01,3.8858837316606554,5.2232144058363374,4.03099804652558,ElasticNet,Base,Wage,wage_target_12,12,Post Window
2024-09-01,3.776128816897417,5.320661967010043,4.03099804652558,ElasticNet,Base,Wage,wage_target_12,12,Post Window
2024-10-01,3.845031798928389,5.230591688741329,4.03099804652558,ElasticNet,Base,Wage,wage_target_12,12,Post Window
2024-01-01,3.897520757795592,3.7695661247237418,4.03099804652558,Huber,Base,Wage,wage_target_12,12,Post Window
2024-06-01,3.7835534342704142,4.246191871437676,4.03099804652558,Huber,Base,Wage,wage_target_12,12,Post Window
2024-07-01,3.8858837316606554,4.330303207151389,4.03099804652558,Huber,Base,Wage,wage_target_12,12,Post Window
2024-09-01,3.776128816897417,4.406946811402543,4.03099804652558,Huber,Base,Wage,wage_target_12,12,Post Window
2024-10-01,3.845031798928389,4.191030072966269,4.03099804652558,Huber,Base,Wage,wage_target_12,12,Post Window
2024-01-01,3.897520757795592,2.7044386000400635,4.03099804652558,OLS,Quits,Wage,wage_target_12,12,Post Window
2024-06-01,3.7835534342704142,2.754868229964586,4.03099804652558,OLS,Quits,Wage,wage_target_12,12,Post Window
2024-07-01,3.8858837316606554,2.846169562683124,4.03099804652558,OLS,Quits,Wage,wage_target_12,12,Post Window
2024-09-01,3.776128816897417,2.792677859262512,4.03099804652558,OLS,Quits,Wage,wage_target_12,12,Post Window
2024-10-01,3.845031798928389,2.546446110840535,4.03099804652558,OLS,Quits,Wage,wage_target_12,12,Post Window
2024-01-01,3.897520757795592,3.911958746241708,4.03099804652558,Ridge,Quits,Wage,wage_target_12,12,Post Window
2024-06-01,3.7835534342704142,4.044854301503005,4.03099804652558,Ridge,Quits,Wage,wage_target_12,12,Post Window
2024-07-01,3.8858837316606554,4.1030035287398094,4.03099804652558,Ridge,Quits,Wage,wage_target_12,12,Post Window
2024-09-01,3.776128816897417,4.051378776943705,4.03099804652558,Ridge,Quits,Wage,wage_target_12,12,Post Window
2024-10-01,3.845031798928389,4.0285348380330595,4.03099804652558,Ridge,Quits,Wage,wage_target_12,12,Post Window
2024-01-01,3.897520757795592,3.240805364103865,4.03099804652558,ElasticNet,Quits,Wage,wage_target_12,12,Post Window
2024-06-01,3.7835534342704142,3.3589567220339194,4.03099804652558,ElasticNet,Quits,Wage,wage_target_12,12,Post Window
2024-07-01,3.8858837316606554,3.4370073077814887,4.03099804652558,ElasticNet,Quits,Wage,wage_target_12,12,Post Window
2024-09-01,3.776128816897417,3.3123417512247353,4.03099804652558,ElasticNet,Quits,Wage,wage_target_12,12,Post Window
2024-10-01,3.845031798928389,3.1848219523218217,4.03099804652558,ElasticNet,Quits,Wage,wage_target_12,12,Post Window
2024-01-01,3.897520757795592,3.4744860157106743,4.03099804652558,Huber,Quits,Wage,wage_target_12,12,Post Window
2024-06-01,3.7835534342704142,3.5407696776421513,4.03099804652558,Huber,Quits,Wage,wage_target_12,12,Post Window
2024-07-01,3.8858837316606554,3.622182305030524,4.03099804652558,Huber,Quits,Wage,wage_target_12,12,Post Window
2024-09-01,3.776128816897417,3.7188691339794455,4.03099804652558,Huber,Quits,Wage,wage_target_12,12,Post Window
2024-10-01,3.845031798928389,3.557213171966054,4.03099804652558,Huber,Quits,Wage,wage_target_12,12,Post Window
2024-01-01,3.897520757795592,3.417451309522556,4.03099804652558,OLS,Jobless,Wage,wage_target_12,12,Post Window
2024-06-01,3.7835534342704142,3.596156787989436,4.03099804652558,OLS,Jobless,Wage,wage_target_12,12,Post Window
2024-07-01,3.8858837316606554,3.664684730624972,4.03099804652558,OLS,Jobless,Wage,wage_target_12,12,Post Window
2024-09-01,3.776128816897417,3.599645011547863,4.03099804652558,OLS,Jobless,Wage,wage_target_12,12,Post Window
2024-10-01,3.845031798928389,3.51307634272066,4.03099804652558,OLS,Jobless,Wage,wage_target_12,12,Post Window
2024-01-01,3.897520757795592,3.803705941772103,4.03099804652558,Ridge,Jobless,Wage,wage_target_12,12,Post Window
2024-06-01,3.7835534342704142,3.987493212195951,4.03099804652558,Ridge,Jobless,Wage,wage_target_12,12,Post Window
2024-07-01,3.8858837316606554,4.047444984760246,4.03099804652558,Ridge,Jobless,Wage,wage_target_12,12,Post Window
2024-09-01,3.776128816897417,3.9633073002773913,4.03099804652558,Ridge,Jobless,Wage,wage_target_12,12,Post Window
2024-10-01,3.845031798928389,3.942659016320961,4.03099804652558,Ridge,Jobless,Wage,wage_target_12,12,Post Window
2024-01-01,3.897520757795592,4.056189143316193,4.03099804652558,ElasticNet,Jobless,Wage,wage_target_12,12,Post Window
2024-06-01,3.7835534342704142,4.288319580003498,4.03099804652558,ElasticNet,Jobless,Wage,wage_target_12,12,Post Window
2024-07-01,3.8858837316606554,4.346352189175325,4.03099804652558,ElasticNet,Jobless,Wage,wage_target_12,12,Post Window
2024-09-01,3.776128816897417,4.297491674495527,4.03099804652558,ElasticNet,Jobless,Wage,wage_target_12,12,Post Window
2024-10-01,3.845031798928389,4.311249816233571,4.03099804652558,ElasticNet,Jobless,Wage,wage_target_12,12,Post Window
2024-01-01,3.897520757795592,3.392184559272835,4.03099804652558,Huber,Jobless,Wage,wage_target_12,12,Post Window
2024-06-01,3.7835534342704142,3.5683491108723366,4.03099804652558,Huber,Jobless,Wage,wage_target_12,12,Post Window
2024-07-01,3.8858837316606554,3.6374437515336164,4.03099804652558,Huber,Jobless,Wage,wage_target_12,12,Post Window
2024-09-01,3.776128816897417,3.5701554192561824,4.03099804652558,Huber,Jobless,Wage,wage_target_12,12,Post Window
2024-10-01,3.845031798928389,3.4793645183850477,4.03099804652558,Huber,Jobless,Wage,wage_target_12,12,Post Window
2024-01-01,3.897520757795592,3.4222895197209886,4.03099804652558,OLS,Mix,Wage,wage_target_12,12,Post Window
2024-06-01,3.7835534342704142,3.611363987606883,4.03099804652558,OLS,Mix,Wage,wage_target_12,12,Post Window
2024-07-01,3.8858837316606554,3.680267261590722,4.03099804652558,OLS,Mix,Wage,wage_target_12,12,Post Window
2024-09-01,3.776128816897417,3.6164745277392085,4.03099804652558,OLS,Mix,Wage,wage_target_12,12,Post Window
2024-10-01,3.845031798928389,3.526369026854929,4.03099804652558,OLS,Mix,Wage,wage_target_12,12,Post Window
2024-01-01,3.897520757795592,4.109127171107825,4.03099804652558,Ridge,Mix,Wage,wage_target_12,12,Post Window
2024-06-01,3.7835534342704142,4.4313292382146345,4.03099804652558,Ridge,Mix,Wage,wage_target_12,12,Post Window
2024-07-01,3.8858837316606554,4.496766690226851,4.03099804652558,Ridge,Mix,Wage,wage_target_12,12,Post Window
2024-09-01,3.776128816897417,4.479457420838692,4.03099804652558,Ridge,Mix,Wage,wage_target_12,12,Post Window
2024-10-01,3.845031798928389,4.430195636624292,4.03099804652558,Ridge,Mix,Wage,wage_target_12,12,Post Window
2024-01-01,3.897520757795592,4.109133072238974,4.03099804652558,ElasticNet,Mix,Wage,wage_target_12,12,Post Window
2024-06-01,3.7835534342704142,4.37187556121955,4.03099804652558,ElasticNet,Mix,Wage,wage_target_12,12,Post Window
2024-07-01,3.8858837316606554,4.431361873333635,4.03099804652558,ElasticNet,Mix,Wage,wage_target_12,12,Post Window
2024-09-01,3.776128816897417,4.395369166562518,4.03099804652558,ElasticNet,Mix,Wage,wage_target_12,12,Post Window
2024-10-01,3.845031798928389,4.399898979307849,4.03099804652558,ElasticNet,Mix,Wage,wage_target_12,12,Post Window
2024-01-01,3.897520757795592,3.9057197071062824,4.03099804652558,Huber,Mix,Wage,wage_target_12,12,Post Window
2024-06-01,3.7835534342704142,4.251285809008387,4.03099804652558,Huber,Mix,Wage,wage_target_12,12,Post Window
2024-07-01,3.8858837316606554,4.3213130149075445,4.03099804652558,Huber,Mix,Wage,wage_target_12,12,Post Window
2024-09-01,3.776128816897417,4.365220476087565,4.03099804652558,Huber,Mix,Wage,wage_target_12,12,Post Window
2024-10-01,3.845031798928389,4.262699902957921,4.03099804652558,Huber,Mix,Wage,wage_target_12,12,Post Window
2024-03-01,1.5226273833484072,1.781345504639912,1.9807242843889128,AR,AR,CPI,cpi_target_6,6,Post Window
2024-05-01,2.1299131110961156,1.4657524757373925,1.9807242843889128,AR,AR,CPI,cpi_target_6,6,Post Window
2024-12-01,2.398004438209256,2.419775235805235,2.1299131110961156,AR,AR,CPI,cpi_target_6,6,Post Window
2025-08-01,2.5626127577751845,2.568123983311371,2.1299131110961156,AR,AR,CPI,cpi_target_6,6,Post Window
2024-03-01,1.5226273833484072,1.4464347826160253,1.9807242843889128,OLS,Base,CPI,cpi_target_6,6,Post Window
2024-05-01,2.1299131110961156,0.9119990027373838,1.9807242843889128,OLS,Base,CPI,cpi_target_6,6,Post Window
2024-03-01,1.5226273833484072,2.1748034064438264,1.9807242843889128,Ridge,Base,CPI,cpi_target_6,6,Post Window
2024-05-01,2.1299131110961156,2.0715271697034163,1.9807242843889128,Ridge,Base,CPI,cpi_target_6,6,Post Window
2024-03-01,1.5226273833484072,1.810624654396391,1.9807242843889128,ElasticNet,Base,CPI,cpi_target_6,6,Post Window
2024-05-01,2.1299131110961156,1.536816035023005,1.9807242843889128,ElasticNet,Base,CPI,cpi_target_6,6,Post Window
2024-03-01,1.5226273833484072,1.3374243856412686,1.9807242843889128,Huber,Base,CPI,cpi_target_6,6,Post Window
2024-05-01,2.1299131110961156,0.8507781443410094,1.9807242843889128,Huber,Base,CPI,cpi_target_6,6,Post Window
2024-12-01,2.398004438209256,2.6168209652243677,2.1299131110961156,OLS,Base,CPI,cpi_target_6,6,Post Window
2025-08-01,2.5626127577751845,3.3673010041003537,2.1299131110961156,OLS,Base,CPI,cpi_target_6,6,Post Window
2024-12-01,2.398004438209256,2.7087590655692266,2.1299131110961156,Ridge,Base,CPI,cpi_target_6,6,Post Window
2025-08-01,2.5626127577751845,3.0782095613255636,2.1299131110961156,Ridge,Base,CPI,cpi_target_6,6,Post Window
2024-12-01,2.398004438209256,2.5626971332744404,2.1299131110961156,ElasticNet,Base,CPI,cpi_target_6,6,Post Window
2025-08-01,2.5626127577751845,2.754574285976528,2.1299131110961156,ElasticNet,Base,CPI,cpi_target_6,6,Post Window
2024-12-01,2.398004438209256,2.456181078982974,2.1299131110961156,Huber,Base,CPI,cpi_target_6,6,Post Window
2025-08-01,2.5626127577751845,3.1175236454930912,2.1299131110961156,Huber,Base,CPI,cpi_target_6,6,Post Window
2024-03-01,1.5226273833484072,1.5245764972511644,1.9807242843889128,OLS,Quits,CPI,cpi_target_6,6,Post Window
2024-05-01,2.1299131110961156,1.210069122381447,1.9807242843889128,OLS,Quits,CPI,cpi_target_6,6,Post Window
2024-03-01,1.5226273833484072,2.1466288402573737,1.9807242843889128,Ridge,Quits,CPI,cpi_target_6,6,Post Window
2024-05-01,2.1299131110961156,1.9979607200737686,1.9807242843889128,Ridge,Quits,CPI,cpi_target_6,6,Post Window
2024-03-01,1.5226273833484072,1.731676118127655,1.9807242843889128,ElasticNet,Quits,CPI,cpi_target_6,6,Post Window
2024-05-01,2.1299131110961156,1.4622514438069092,1.9807242843889128,ElasticNet,Quits,CPI,cpi_target_6,6,Post Window
2024-03-01,1.5226273833484072,1.43442422044304,1.9807242843889128,Huber,Quits,CPI,cpi_target_6,6,Post Window
2024-05-01,2.1299131110961156,1.0610486099891365,1.9807242843889128,Huber,Quits,CPI,cpi_target_6,6,Post Window
2024-12-01,2.398004438209256,2.065804540727708,2.1299131110961156,OLS,Quits,CPI,cpi_target_6,6,Post Window
2025-08-01,2.5626127577751845,2.3155063912269562,2.1299131110961156,OLS,Quits,CPI,cpi_target_6,6,Post Window
2024-12-01,2.398004438209256,2.3351724384695602,2.1299131110961156,Ridge,Quits,CPI,cpi_target_6,6,Post Window
2025-08-01,2.5626127577751845,2.557265861205206,2.1299131110961156,Ridge,Quits,CPI,cpi_target_6,6,Post Window
2024-12-01,2.398004438209256,2.317062322047475,2.1299131110961156,ElasticNet,Quits,CPI,cpi_target_6,6,Post Window
2025-08-01,2.5626127577751845,2.5195874101971762,2.1299131110961156,ElasticNet,Quits,CPI,cpi_target_6,6,Post Window
2024-12-01,2.398004438209256,1.8267366206415327,2.1299131110961156,Huber,Quits,CPI,cpi_target_6,6,Post Window
2025-08-01,2.5626127577751845,2.1029431929972944,2.1299131110961156,Huber,Quits,CPI,cpi_target_6,6,Post Window
2024-03-01,1.5226273833484072,1.5286104093208666,1.9807242843889128,OLS,Jobless,CPI,cpi_target_6,6,Post Window
2024-05-01,2.1299131110961156,1.1838541990274556,1.9807242843889128,OLS,Jobless,CPI,cpi_target_6,6,Post Window
2024-03-01,1.5226273833484072,2.203061512641817,1.9807242843889128,Ridge,Jobless,CPI,cpi_target_6,6,Post Window
2024-05-01,2.1299131110961156,2.0349019965609774,1.9807242843889128,Ridge,Jobless,CPI,cpi_target_6,6,Post Window
2024-03-01,1.5226273833484072,1.8114099810404491,1.9807242843889128,ElasticNet,Jobless,CPI,cpi_target_6,6,Post Window
2024-05-01,2.1299131110961156,1.5379065285228093,1.9807242843889128,ElasticNet,Jobless,CPI,cpi_target_6,6,Post Window
2024-03-01,1.5226273833484072,1.3738734631873926,1.9807242843889128,Huber,Jobless,CPI,cpi_target_6,6,Post Window
2024-05-01,2.1299131110961156,0.9744579341078752,1.9807242843889128,Huber,Jobless,CPI,cpi_target_6,6,Post Window
2024-12-01,2.398004438209256,2.277689806884346,2.1299131110961156,OLS,Jobless,CPI,cpi_target_6,6,Post Window
2025-08-01,2.5626127577751845,2.5907880704585753,2.1299131110961156,OLS,Jobless,CPI,cpi_target_6,6,Post Window
2024-12-01,2.398004438209256,2.494560755374791,2.1299131110961156,Ridge,Jobless,CPI,cpi_target_6,6,Post Window
2025-08-01,2.5626127577751845,2.7753570512433705,2.1299131110961156,Ridge,Jobless,CPI,cpi_target_6,6,Post Window
2024-12-01,2.398004438209256,2.5102662078394182,2.1299131110961156,ElasticNet,Jobless,CPI,cpi_target_6,6,Post Window
2025-08-01,2.5626127577751845,2.697763789292674,2.1299131110961156,ElasticNet,Jobless,CPI,cpi_target_6,6,Post Window
2024-12-01,2.398004438209256,2.0975133228898706,2.1299131110961156,Huber,Jobless,CPI,cpi_target_6,6,Post Window
2025-08-01,2.5626127577751845,2.324990090505065,2.1299131110961156,Huber,Jobless,CPI,cpi_target_6,6,Post Window
2024-03-01,1.5226273833484072,1.2849926273501637,1.9807242843889128,OLS,Mix,CPI,cpi_target_6,6,Post Window
2024-05-01,2.1299131110961156,1.0568849595028738,1.9807242843889128,OLS,Mix,CPI,cpi_target_6,6,Post Window
2024-03-01,1.5226273833484072,2.2099645294827743,1.9807242843889128,Ridge,Mix,CPI,cpi_target_6,6,Post Window
2024-05-01,2.1299131110961156,2.157725242789439,1.9807242843889128,Ridge,Mix,CPI,cpi_target_6,6,Post Window
2024-03-01,1.5226273833484072,1.7681087571434861,1.9807242843889128,ElasticNet,Mix,CPI,cpi_target_6,6,Post Window
2024-05-01,2.1299131110961156,1.5090492272965512,1.9807242843889128,ElasticNet,Mix,CPI,cpi_target_6,6,Post Window
2024-03-01,1.5226273833484072,1.329302595922372,1.9807242843889128,Huber,Mix,CPI,cpi_target_6,6,Post Window
2024-05-01,2.1299131110961156,0.8351412310427624,1.9807242843889128,Huber,Mix,CPI,cpi_target_6,6,Post Window
2024-12-01,2.398004438209256,3.259155420789476,2.1299131110961156,OLS,Mix,CPI,cpi_target_6,6,Post Window
2025-08-01,2.5626127577751845,3.675730686502799,2.1299131110961156,OLS,Mix,CPI,cpi_target_6,6,Post Window
2024-12-01,2.398004438209256,2.3117902966398898,2.1299131110961156,Ridge,Mix,CPI,cpi_target_6,6,Post Window
2025-08-01,2.5626127577751845,2.838502478165566,2.1299131110961156,Ridge,Mix,CPI,cpi_target_6,6,Post Window
2024-12-01,2.398004438209256,2.2083573124905547,2.1299131110961156,ElasticNet,Mix,CPI,cpi_target_6,6,Post Window
2025-08-01,2.5626127577751845,2.6220931776925305,2.1299131110961156,ElasticNet,Mix,CPI,cpi_target_6,6,Post Window
2024-12-01,2.398004438209256,4.306040420612556,2.1299131110961156,Huber,Mix,CPI,cpi_target_6,6,Post Window
2025-08-01,2.5626127577751845,4.50258580801973,2.1299131110961156,Huber,Mix,CPI,cpi_target_6,6,Post Window
2024-03-01,1.5226273833484072,1.2252968739753776,1.9807242843889128,OLS,Curve,CPI,cpi_target_6,6,Post Window
2024-05-01,2.1299131110961156,-0.017528262302387354,1.9807242843889128,OLS,Curve,CPI,cpi_target_6,6,Post Window
2024-03-01,1.5226273833484072,2.1636099656207657,1.9807242843889128,Ridge,Curve,CPI,cpi_target_6,6,Post Window
2024-05-01,2.1299131110961156,2.057805437505168,1.9807242843889128,Ridge,Curve,CPI,cpi_target_6,6,Post Window
2024-03-01,1.5226273833484072,1.8106847064016862,1.9807242843889128,ElasticNet,Curve,CPI,cpi_target_6,6,Post Window
2024-05-01,2.1299131110961156,1.5368926972392916,1.9807242843889128,ElasticNet,Curve,CPI,cpi_target_6,6,Post Window
2024-03-01,1.5226273833484072,1.3047953717601026,1.9807242843889128,Huber,Curve,CPI,cpi_target_6,6,Post Window
2024-05-01,2.1299131110961156,0.7396129114541687,1.9807242843889128,Huber,Curve,CPI,cpi_target_6,6,Post Window
2024-12-01,2.398004438209256,2.5964348582842742,2.1299131110961156,OLS,Curve,CPI,cpi_target_6,6,Post Window
2025-08-01,2.5626127577751845,3.323170523793962,2.1299131110961156,OLS,Curve,CPI,cpi_target_6,6,Post Window
2024-12-01,2.398004438209256,2.6533285855412654,2.1299131110961156,Ridge,Curve,CPI,cpi_target_6,6,Post Window
2025-08-01,2.5626127577751845,2.984501721848527,2.1299131110961156,Ridge,Curve,CPI,cpi_target_6,6,Post Window
2024-12-01,2.398004438209256,2.562693929016655,2.1299131110961156,ElasticNet,Curve,CPI,cpi_target_6,6,Post Window
2025-08-01,2.5626127577751845,2.754558806584936,2.1299131110961156,ElasticNet,Curve,CPI,cpi_target_6,6,Post Window
2024-12-01,2.398004438209256,3.3769514686794926,2.1299131110961156,Huber,Curve,CPI,cpi_target_6,6,Post Window
2025-08-01,2.5626127577751845,5.14507643861749,2.1299131110961156,Huber,Curve,CPI,cpi_target_6,6,Post Window
2025-02-01,2.1673579293786105,2.6018218745810286,2.6428306229396625,AR,AR,PCE,pce_target_6,6,Post Window
2025-06-01,2.8717510141383684,2.9243311436039385,2.6428306229396625,AR,AR,PCE,pce_target_6,6,Post Window
2025-02-01,2.1673579293786105,2.6399601745476406,2.6428306229396625,OLS,Base,PCE,pce_target_6,6,Post Window
2025-06-01,2.8717510141383684,2.707275281560612,2.6428306229396625,OLS,Base,PCE,pce_target_6,6,Post Window
2025-02-01,2.1673579293786105,2.8189011261145,2.6428306229396625,Ridge,Base,PCE,pce_target_6,6,Post Window
2025-06-01,2.8717510141383684,2.8324625558837995,2.6428306229396625,Ridge,Base,PCE,pce_target_6,6,Post Window
2025-02-01,2.1673579293786105,2.676786897023506,2.6428306229396625,ElasticNet,Base,PCE,pce_target_6,6,Post Window
2025-06-01,2.8717510141383684,2.782179546830002,2.6428306229396625,ElasticNet,Base,PCE,pce_target_6,6,Post Window
2025-02-01,2.1673579293786105,2.4514336652764777,2.6428306229396625,Huber,Base,PCE,pce_target_6,6,Post Window
2025-06-01,2.8717510141383684,2.671811010058114,2.6428306229396625,Huber,Base,PCE,pce_target_6,6,Post Window
2025-02-01,2.1673579293786105,2.709979677643238,2.6428306229396625,OLS,Quits,PCE,pce_target_6,6,Post Window
2025-06-01,2.8717510141383684,2.91005636284623,2.6428306229396625,OLS,Quits,PCE,pce_target_6,6,Post Window
2025-02-01,2.1673579293786105,2.790680685713073,2.6428306229396625,Ridge,Quits,PCE,pce_target_6,6,Post Window
2025-06-01,2.8717510141383684,2.959492869483661,2.6428306229396625,Ridge,Quits,PCE,pce_target_6,6,Post Window
2025-02-01,2.1673579293786105,2.7034674829531418,2.6428306229396625,ElasticNet,Quits,PCE,pce_target_6,6,Post Window
2025-06-01,2.8717510141383684,2.9119090704188473,2.6428306229396625,ElasticNet,Quits,PCE,pce_target_6,6,Post Window
2025-02-01,2.1673579293786105,2.5018579966055063,2.6428306229396625,Huber,Quits,PCE,pce_target_6,6,Post Window
2025-06-01,2.8717510141383684,2.8115036466456744,2.6428306229396625,Huber,Quits,PCE,pce_target_6,6,Post Window
2025-02-01,2.1673579293786105,2.491450315324773,2.6428306229396625,OLS,Jobless,PCE,pce_target_6,6,Post Window
2025-06-01,2.8717510141383684,2.733740286807249,2.6428306229396625,OLS,Jobless,PCE,pce_target_6,6,Post Window
2025-02-01,2.1673579293786105,2.864364794196203,2.6428306229396625,Ridge,Jobless,PCE,pce_target_6,6,Post Window
2025-06-01,2.8717510141383684,3.015441608006895,2.6428306229396625,Ridge,Jobless,PCE,pce_target_6,6,Post Window
2025-02-01,2.1673579293786105,2.595904487436316,2.6428306229396625,ElasticNet,Jobless,PCE,pce_target_6,6,Post Window
2025-06-01,2.8717510141383684,2.8252547774681065,2.6428306229396625,ElasticNet,Jobless,PCE,pce_target_6,6,Post Window
2025-02-01,2.1673579293786105,2.401735436728999,2.6428306229396625,Huber,Jobless,PCE,pce_target_6,6,Post Window
2025-06-01,2.8717510141383684,2.694957168978659,2.6428306229396625,Huber,Jobless,PCE,pce_target_6,6,Post Window
2025-02-01,2.1673579293786105,2.446571018320478,2.6428306229396625,OLS,Mix,PCE,pce_target_6,6,Post Window
2025-06-01,2.8717510141383684,2.7674571979283,2.6428306229396625,OLS,Mix,PCE,pce_target_6,6,Post Window
2025-02-01,2.1673579293786105,2.7706510018699078,2.6428306229396625,Ridge,Mix,PCE,pce_target_6,6,Post Window
2025-06-01,2.8717510141383684,2.885937518680042,2.6428306229396625,Ridge,Mix,PCE,pce_target_6,6,Post Window
2025-02-01,2.1673579293786105,2.600810293504152,2.6428306229396625,ElasticNet,Mix,PCE,pce_target_6,6,Post Window
2025-06-01,2.8717510141383684,2.8275703137451558,2.6428306229396625,ElasticNet,Mix,PCE,pce_target_6,6,Post Window
2025-02-01,2.1673579293786105,2.4582441693440944,2.6428306229396625,Huber,Mix,PCE,pce_target_6,6,Post Window
2025-06-01,2.8717510141383684,2.8745767191597276,2.6428306229396625,Huber,Mix,PCE,pce_target_6,6,Post Window
2025-02-01,2.1673579293786105,2.5810126548257406,2.6428306229396625,OLS,Curve,PCE,pce_target_6,6,Post Window
2025-06-01,2.8717510141383684,2.5796371212817326,2.6428306229396625,OLS,Curve,PCE,pce_target_6,6,Post Window
2025-02-01,2.1673579293786105,2.845268205277692,2.6428306229396625,Ridge,Curve,PCE,pce_target_6,6,Post Window
2025-06-01,2.8717510141383684,2.8155078754756824,2.6428306229396625,Ridge,Curve,PCE,pce_target_6,6,Post Window
2025-02-01,2.1673579293786105,2.681905296238123,2.6428306229396625,ElasticNet,Curve,PCE,pce_target_6,6,Post Window
2025-06-01,2.8717510141383684,2.7516693334422184,2.6428306229396625,ElasticNet,Curve,PCE,pce_target_6,6,Post Window
2025-02-01,2.1673579293786105,2.3943040187055207,2.6428306229396625,Huber,Curve,PCE,pce_target_6,6,Post Window
2025-06-01,2.8717510141383684,2.2970504237416987,2.6428306229396625,Huber,Curve,PCE,pce_target_6,6,Post Window
2023-04-01,2.7869551142379656,0.974048938356237,3.2317337085593145,AR,AR,PCE,pce_target_12,12,Post Window
2023-07-01,2.5612938009445863,0.9170009490501281,3.2317337085593145,AR,AR,PCE,pce_target_12,12,Post Window
2024-07-01,2.5721812482315087,0.6489742854746638,3.2317337085593145,AR,AR,PCE,pce_target_12,12,Post Window
2023-04-01,2.7869551142379656,-10.096544799285084,3.2317337085593145,OLS,Base,PCE,pce_target_12,12,Post Window
2023-07-01,2.5612938009445863,-11.365300480580274,3.2317337085593145,OLS,Base,PCE,pce_target_12,12,Post Window
2024-07-01,2.5721812482315087,-11.94405402398775,3.2317337085593145,OLS,Base,PCE,pce_target_12,12,Post Window
2023-04-01,2.7869551142379656,0.9704191186004545,3.2317337085593145,Ridge,Base,PCE,pce_target_12,12,Post Window
2023-07-01,2.5612938009445863,1.4737125794857553,3.2317337085593145,Ridge,Base,PCE,pce_target_12,12,Post Window
2024-07-01,2.5721812482315087,2.434839892792896,3.2317337085593145,Ridge,Base,PCE,pce_target_12,12,Post Window
2023-04-01,2.7869551142379656,1.059125757021481,3.2317337085593145,ElasticNet,Base,PCE,pce_target_12,12,Post Window
2023-07-01,2.5612938009445863,1.707294796810734,3.2317337085593145,ElasticNet,Base,PCE,pce_target_12,12,Post Window
2024-07-01,2.5721812482315087,2.9320862024139003,3.2317337085593145,ElasticNet,Base,PCE,pce_target_12,12,Post Window
2023-04-01,2.7869551142379656,0.9489783278268549,3.2317337085593145,Huber,Base,PCE,pce_target_12,12,Post Window
2023-07-01,2.5612938009445863,1.6189330661655417,3.2317337085593145,Huber,Base,PCE,pce_target_12,12,Post Window
2024-07-01,2.5721812482315087,2.8949760666082747,3.2317337085593145,Huber,Base,PCE,pce_target_12,12,Post Window
2023-04-01,2.7869551142379656,87.69407187721399,3.2317337085593145,OLS,Quits,PCE,pce_target_12,12,Post Window
2023-07-01,2.5612938009445863,103.63686257215504,3.2317337085593145,OLS,Quits,PCE,pce_target_12,12,Post Window
2024-07-01,2.5721812482315087,118.91222026450883,3.2317337085593145,OLS,Quits,PCE,pce_target_12,12,Post Window
2023-04-01,2.7869551142379656,1.1270681389325405,3.2317337085593145,Ridge,Quits,PCE,pce_target_12,12,Post Window
2023-07-01,2.5612938009445863,1.3175565417013653,3.2317337085593145,Ridge,Quits,PCE,pce_target_12,12,Post Window
2024-07-01,2.5721812482315087,2.439936026049155,3.2317337085593145,Ridge,Quits,PCE,pce_target_12,12,Post Window
2023-04-01,2.7869551142379656,3.4013014924762297,3.2317337085593145,ElasticNet,Quits,PCE,pce_target_12,12,Post Window
2023-07-01,2.5612938009445863,4.129648583644475,3.2317337085593145,ElasticNet,Quits,PCE,pce_target_12,12,Post Window
2024-07-01,2.5721812482315087,7.370389240645431,3.2317337085593145,ElasticNet,Quits,PCE,pce_target_12,12,Post Window
2023-04-01,2.7869551142379656,3.672610938831604,3.2317337085593145,Huber,Quits,PCE,pce_target_12,12,Post Window
2023-07-01,2.5612938009445863,4.593476056476122,3.2317337085593145,Huber,Quits,PCE,pce_target_12,12,Post Window
2024-07-01,2.5721812482315087,9.048493897106557,3.2317337085593145,Huber,Quits,PCE,pce_target_12,12,Post Window
2023-04-01,2.7869551142379656,-2.9533550774150377,3.2317337085593145,OLS,Jobless,PCE,pce_target_12,12,Post Window
2023-07-01,2.5612938009445863,-3.4047504501696526,3.2317337085593145,OLS,Jobless,PCE,pce_target_12,12,Post Window
2024-07-01,2.5721812482315087,-3.2879117238984494,3.2317337085593145,OLS,Jobless,PCE,pce_target_12,12,Post Window
2023-04-01,2.7869551142379656,0.7066628753114701,3.2317337085593145,Ridge,Jobless,PCE,pce_target_12,12,Post Window
2023-07-01,2.5612938009445863,0.8602118755077814,3.2317337085593145,Ridge,Jobless,PCE,pce_target_12,12,Post Window
2024-07-01,2.5721812482315087,1.4338993578124972,3.2317337085593145,Ridge,Jobless,PCE,pce_target_12,12,Post Window
2023-04-01,2.7869551142379656,0.7624492500499738,3.2317337085593145,ElasticNet,Jobless,PCE,pce_target_12,12,Post Window
2023-07-01,2.5612938009445863,0.9630297411047231,3.2317337085593145,ElasticNet,Jobless,PCE,pce_target_12,12,Post Window
2024-07-01,2.5721812482315087,1.684836389661239,3.2317337085593145,ElasticNet,Jobless,PCE,pce_target_12,12,Post Window
2023-04-01,2.7869551142379656,0.6522130375950974,3.2317337085593145,Huber,Jobless,PCE,pce_target_12,12,Post Window
2023-07-01,2.5612938009445863,0.8543284184704536,3.2317337085593145,Huber,Jobless,PCE,pce_target_12,12,Post Window
2024-07-01,2.5721812482315087,1.6004817881704017,3.2317337085593145,Huber,Jobless,PCE,pce_target_12,12,Post Window
2023-04-01,2.7869551142379656,0.7091638651867743,3.2317337085593145,OLS,Mix,PCE,pce_target_12,12,Post Window
2023-07-01,2.5612938009445863,0.9037974761547534,3.2317337085593145,OLS,Mix,PCE,pce_target_12,12,Post Window
2024-07-01,2.5721812482315087,1.5127885494985196,3.2317337085593145,OLS,Mix,PCE,pce_target_12,12,Post Window
2023-04-01,2.7869551142379656,0.7405533728374776,3.2317337085593145,Ridge,Mix,PCE,pce_target_12,12,Post Window
2023-07-01,2.5612938009445863,1.104322276236779,3.2317337085593145,Ridge,Mix,PCE,pce_target_12,12,Post Window
2024-07-01,2.5721812482315087,1.7574108216820576,3.2317337085593145,Ridge,Mix,PCE,pce_target_12,12,Post Window
2023-04-01,2.7869551142379656,0.8298564733800733,3.2317337085593145,ElasticNet,Mix,PCE,pce_target_12,12,Post Window
2023-07-01,2.5612938009445863,1.235990063615338,3.2317337085593145,ElasticNet,Mix,PCE,pce_target_12,12,Post Window
2024-07-01,2.5721812482315087,2.1981442428811304,3.2317337085593145,ElasticNet,Mix,PCE,pce_target_12,12,Post Window
2023-04-01,2.7869551142379656,0.5976390489614403,3.2317337085593145,Huber,Mix,PCE,pce_target_12,12,Post Window
2023-07-01,2.5612938009445863,1.0011523204552963,3.2317337085593145,Huber,Mix,PCE,pce_target_12,12,Post Window
2024-07-01,2.5721812482315087,1.751659985865428,3.2317337085593145,Huber,Mix,PCE,pce_target_12,12,Post Window
2023-04-01,2.7869551142379656,-9.596624373268046,3.2317337085593145,OLS,Curve,PCE,pce_target_12,12,Post Window
2023-07-01,2.5612938009445863,-10.806548906574221,3.2317337085593145,OLS,Curve,PCE,pce_target_12,12,Post Window
2024-07-01,2.5721812482315087,-11.286941239203285,3.2317337085593145,OLS,Curve,PCE,pce_target_12,12,Post Window
2023-04-01,2.7869551142379656,1.2463791956655514,3.2317337085593145,Ridge,Curve,PCE,pce_target_12,12,Post Window
2023-07-01,2.5612938009445863,1.8866214822448337,3.2317337085593145,Ridge,Curve,PCE,pce_target_12,12,Post Window
2024-07-01,2.5721812482315087,2.8174092627974305,3.2317337085593145,Ridge,Curve,PCE,pce_target_12,12,Post Window
2023-04-01,2.7869551142379656,1.1454856435246397,3.2317337085593145,ElasticNet,Curve,PCE,pce_target_12,12,Post Window
2023-07-01,2.5612938009445863,1.908959385965697,3.2317337085593145,ElasticNet,Curve,PCE,pce_target_12,12,Post Window
2024-07-01,2.5721812482315087,3.0748565465749045,3.2317337085593145,ElasticNet,Curve,PCE,pce_target_12,12,Post Window
2023-04-01,2.7869551142379656,1.0005870426299834,3.2317337085593145,Huber,Curve,PCE,pce_target_12,12,Post Window
2023-07-01,2.5612938009445863,1.7831973083281976,3.2317337085593145,Huber,Curve,PCE,pce_target_12,12,Post Window
2024-07-01,2.5721812482315087,3.016266862501415,3.2317337085593145,Huber,Curve,PCE,pce_target_12,12,Post Window
