date,actual,prediction,benchmark,model,target,target_col,horizon,split
2012-10-01,3.0444121592543283,2.537542872594045,2.537542872594045,Persistence,Wage,wage_target_3,3,Expanding Window
2012-12-01,1.3468026191617355,2.537542872594045,2.537542872594045,Persistence,Wage,wage_target_3,3,Expanding Window
2013-02-01,1.8460280300329757,2.537542872594045,2.537542872594045,Persistence,Wage,wage_target_3,3,Expanding Window
2013-03-01,2.6800770279278296,2.537542872594045,2.537542872594045,Persistence,Wage,wage_target_3,3,Expanding Window
2013-04-01,1.8390836994518267,2.537542872594045,2.537542872594045,Persistence,Wage,wage_target_3,3,Expanding Window
2013-05-01,2.1707421256477843,2.537542872594045,2.537542872594045,Persistence,Wage,wage_target_3,3,Expanding Window
2013-06-01,1.6659749197136977,2.537542872594045,2.537542872594045,Persistence,Wage,wage_target_3,3,Expanding Window
2013-07-01,1.830666810964665,2.537542872594045,2.537542872594045,Persistence,Wage,wage_target_3,3,Expanding Window
2013-09-01,1.9900538560454704,2.537542872594045,2.537542872594045,Persistence,Wage,wage_target_3,3,Expanding Window
2013-10-01,2.152768599266608,2.537542872594045,2.537542872594045,Persistence,Wage,wage_target_3,3,Expanding Window
2013-12-01,2.1447772565540646,2.537542872594045,2.537542872594045,Persistence,Wage,wage_target_3,3,Expanding Window
2014-02-01,1.149190201489958,2.537542872594045,2.537542872594045,Persistence,Wage,wage_target_3,3,Expanding Window
2014-03-01,2.460536772397859,2.537542872594045,2.537542872594045,Persistence,Wage,wage_target_3,3,Expanding Window
2014-05-01,2.288522793443626,2.537542872594045,2.537542872594045,Persistence,Wage,wage_target_3,3,Expanding Window
2014-06-01,1.6319892079661005,2.537542872594045,2.537542872594045,Persistence,Wage,wage_target_3,3,Expanding Window
2014-08-01,1.9512233813731683,2.537542872594045,2.537542872594045,Persistence,Wage,wage_target_3,3,Expanding Window
2015-01-01,2.417899766063414,2.537542872594045,2.537542872594045,Persistence,Wage,wage_target_3,3,Expanding Window
2015-08-01,2.3833238334521667,2.537542872594045,2.537542872594045,Persistence,Wage,wage_target_3,3,Expanding Window
2012-10-01,3.0444121592543283,2.3530900387124154,2.537542872594045,AR,Wage,wage_target_3,3,Expanding Window
2012-12-01,1.3468026191617355,2.349141830616076,2.537542872594045,AR,Wage,wage_target_3,3,Expanding Window
2013-02-01,1.8460280300329757,2.136021077912883,2.537542872594045,AR,Wage,wage_target_3,3,Expanding Window
2013-03-01,2.6800770279278296,1.9280068206379968,2.537542872594045,AR,Wage,wage_target_3,3,Expanding Window
2013-04-01,1.8390836994518267,2.4407076482063914,2.537542872594045,AR,Wage,wage_target_3,3,Expanding Window
2013-05-01,2.1707421256477843,1.9237380498045686,2.537542872594045,AR,Wage,wage_target_3,3,Expanding Window
2013-06-01,1.6659749197136977,2.1276128221619297,2.537542872594045,AR,Wage,wage_target_3,3,Expanding Window
2013-07-01,1.830666810964665,1.817325818802425,2.537542872594045,AR,Wage,wage_target_3,3,Expanding Window
2013-09-01,1.9900538560454704,2.2222051414003228,2.537542872594045,AR,Wage,wage_target_3,3,Expanding Window
2013-10-01,2.152768599266608,2.0165413796078004,2.537542872594045,AR,Wage,wage_target_3,3,Expanding Window
2013-12-01,2.1447772565540646,2.517323312506371,2.537542872594045,AR,Wage,wage_target_3,3,Expanding Window
2014-02-01,1.149190201489958,2.0084799817158725,2.537542872594045,AR,Wage,wage_target_3,3,Expanding Window
2014-03-01,2.460536772397859,1.4996514934609144,2.537542872594045,AR,Wage,wage_target_3,3,Expanding Window
2014-05-01,2.288522793443626,2.203472047994287,2.537542872594045,AR,Wage,wage_target_3,3,Expanding Window
2014-06-01,1.6319892079661005,2.200014139114413,2.537542872594045,AR,Wage,wage_target_3,3,Expanding Window
2014-08-01,1.9512233813731683,1.8956307455498316,2.537542872594045,AR,Wage,wage_target_3,3,Expanding Window
2015-01-01,2.417899766063414,2.9797736047213332,2.537542872594045,AR,Wage,wage_target_3,3,Expanding Window
2015-08-01,2.3833238334521667,2.6541500589769136,2.537542872594045,AR,Wage,wage_target_3,3,Expanding Window
2012-10-01,3.0444121592543283,2.16708832516834,2.537542872594045,OLS,Wage,wage_target_3,3,Expanding Window
2012-12-01,1.3468026191617355,2.1825727655169866,2.537542872594045,OLS,Wage,wage_target_3,3,Expanding Window
2013-02-01,1.8460280300329757,2.0875133200182687,2.537542872594045,OLS,Wage,wage_target_3,3,Expanding Window
2013-03-01,2.6800770279278296,2.0003397809480146,2.537542872594045,OLS,Wage,wage_target_3,3,Expanding Window
2013-04-01,1.8390836994518267,2.2432087145905304,2.537542872594045,OLS,Wage,wage_target_3,3,Expanding Window
2013-05-01,2.1707421256477843,1.9973638306642374,2.537542872594045,OLS,Wage,wage_target_3,3,Expanding Window
2013-06-01,1.6659749197136977,2.111404449795697,2.537542872594045,OLS,Wage,wage_target_3,3,Expanding Window
2013-07-01,1.830666810964665,1.93103749733072,2.537542872594045,OLS,Wage,wage_target_3,3,Expanding Window
2013-09-01,1.9900538560454704,2.16989026425132,2.537542872594045,OLS,Wage,wage_target_3,3,Expanding Window
2013-10-01,2.152768599266608,2.0845532939655618,2.537542872594045,OLS,Wage,wage_target_3,3,Expanding Window
2013-12-01,2.1447772565540646,2.352311915610769,2.537542872594045,OLS,Wage,wage_target_3,3,Expanding Window
2014-02-01,1.149190201489958,2.129873003672138,2.537542872594045,OLS,Wage,wage_target_3,3,Expanding Window
2014-03-01,2.460536772397859,1.8679515569015395,2.537542872594045,OLS,Wage,wage_target_3,3,Expanding Window
2014-05-01,2.288522793443626,2.299585825940937,2.537542872594045,OLS,Wage,wage_target_3,3,Expanding Window
2014-06-01,1.6319892079661005,2.3442724848680454,2.537542872594045,OLS,Wage,wage_target_3,3,Expanding Window
2014-08-01,1.9512233813731683,2.23466730529392,2.537542872594045,OLS,Wage,wage_target_3,3,Expanding Window
2015-01-01,2.417899766063414,2.86132648900851,2.537542872594045,OLS,Wage,wage_target_3,3,Expanding Window
2015-08-01,2.3833238334521667,2.7827359978777655,2.537542872594045,OLS,Wage,wage_target_3,3,Expanding Window
2012-10-01,3.0444121592543283,2.161307800034411,2.537542872594045,Ridge,Wage,wage_target_3,3,Expanding Window
2012-12-01,1.3468026191617355,2.175772518689804,2.537542872594045,Ridge,Wage,wage_target_3,3,Expanding Window
2013-02-01,1.8460280300329757,2.0808011750851563,2.537542872594045,Ridge,Wage,wage_target_3,3,Expanding Window
2013-03-01,2.6800770279278296,1.9934381963373466,2.537542872594045,Ridge,Wage,wage_target_3,3,Expanding Window
2013-04-01,1.8390836994518267,2.2348880011947743,2.537542872594045,Ridge,Wage,wage_target_3,3,Expanding Window
2013-05-01,2.1707421256477843,1.990108522850525,2.537542872594045,Ridge,Wage,wage_target_3,3,Expanding Window
2013-06-01,1.6659749197136977,2.1025768513433376,2.537542872594045,Ridge,Wage,wage_target_3,3,Expanding Window
2013-07-01,1.830666810964665,1.9249396148853342,2.537542872594045,Ridge,Wage,wage_target_3,3,Expanding Window
2013-09-01,1.9900538560454704,2.1597850532934313,2.537542872594045,Ridge,Wage,wage_target_3,3,Expanding Window
2013-10-01,2.152768599266608,2.0744343882507534,2.537542872594045,Ridge,Wage,wage_target_3,3,Expanding Window
2013-12-01,2.1447772565540646,2.3388483107287485,2.537542872594045,Ridge,Wage,wage_target_3,3,Expanding Window
2014-02-01,1.149190201489958,2.116635432240797,2.537542872594045,Ridge,Wage,wage_target_3,3,Expanding Window
2014-03-01,2.460536772397859,1.8574187988775444,2.537542872594045,Ridge,Wage,wage_target_3,3,Expanding Window
2014-05-01,2.288522793443626,2.281494348366381,2.537542872594045,Ridge,Wage,wage_target_3,3,Expanding Window
2014-06-01,1.6319892079661005,2.323573382258512,2.537542872594045,Ridge,Wage,wage_target_3,3,Expanding Window
2014-08-01,1.9512233813731683,2.2129557416445693,2.537542872594045,Ridge,Wage,wage_target_3,3,Expanding Window
2015-01-01,2.417899766063414,2.830618872256152,2.537542872594045,Ridge,Wage,wage_target_3,3,Expanding Window
2015-08-01,2.3833238334521667,2.7490911837601124,2.537542872594045,Ridge,Wage,wage_target_3,3,Expanding Window
2012-10-01,3.0444121592543283,2.1889862712500108,2.537542872594045,ElasticNet,Wage,wage_target_3,3,Expanding Window
2012-12-01,1.3468026191617355,2.2041646305656792,2.537542872594045,ElasticNet,Wage,wage_target_3,3,Expanding Window
2013-02-01,1.8460280300329757,2.111366295664451,2.537542872594045,ElasticNet,Wage,wage_target_3,3,Expanding Window
2013-03-01,2.6800770279278296,2.0250941485748575,2.537542872594045,ElasticNet,Wage,wage_target_3,3,Expanding Window
2013-04-01,1.8390836994518267,2.2668444509597476,2.537542872594045,ElasticNet,Wage,wage_target_3,3,Expanding Window
2013-05-01,2.1707421256477843,2.0248321827972715,2.537542872594045,ElasticNet,Wage,wage_target_3,3,Expanding Window
2013-06-01,1.6659749197136977,2.1328965177377137,2.537542872594045,ElasticNet,Wage,wage_target_3,3,Expanding Window
2013-07-01,1.830666810964665,1.9572390753302549,2.537542872594045,ElasticNet,Wage,wage_target_3,3,Expanding Window
2013-09-01,1.9900538560454704,2.1927080466914455,2.537542872594045,ElasticNet,Wage,wage_target_3,3,Expanding Window
2013-10-01,2.152768599266608,2.107590006523079,2.537542872594045,ElasticNet,Wage,wage_target_3,3,Expanding Window
2013-12-01,2.1447772565540646,2.374699159964681,2.537542872594045,ElasticNet,Wage,wage_target_3,3,Expanding Window
2014-02-01,1.149190201489958,2.1526310315014126,2.537542872594045,ElasticNet,Wage,wage_target_3,3,Expanding Window
2014-03-01,2.460536772397859,1.8949323015728978,2.537542872594045,ElasticNet,Wage,wage_target_3,3,Expanding Window
2014-05-01,2.288522793443626,2.317984802022152,2.537542872594045,ElasticNet,Wage,wage_target_3,3,Expanding Window
2014-06-01,1.6319892079661005,2.361058803091544,2.537542872594045,ElasticNet,Wage,wage_target_3,3,Expanding Window
2014-08-01,1.9512233813731683,2.2467015320408574,2.537542872594045,ElasticNet,Wage,wage_target_3,3,Expanding Window
2015-01-01,2.417899766063414,2.8541980470043287,2.537542872594045,ElasticNet,Wage,wage_target_3,3,Expanding Window
2015-08-01,2.3833238334521667,2.768782280017584,2.537542872594045,ElasticNet,Wage,wage_target_3,3,Expanding Window
2012-10-01,3.0444121592543283,2.186417563435306,2.537542872594045,Huber,Wage,wage_target_3,3,Expanding Window
2012-12-01,1.3468026191617355,2.1973291463727582,2.537542872594045,Huber,Wage,wage_target_3,3,Expanding Window
2013-02-01,1.8460280300329757,2.0881965258560515,2.537542872594045,Huber,Wage,wage_target_3,3,Expanding Window
2013-03-01,2.6800770279278296,1.9860669564020261,2.537542872594045,Huber,Wage,wage_target_3,3,Expanding Window
2013-04-01,1.8390836994518267,2.2583665093099126,2.537542872594045,Huber,Wage,wage_target_3,3,Expanding Window
2013-05-01,2.1707421256477843,1.9823284888949448,2.537542872594045,Huber,Wage,wage_target_3,3,Expanding Window
2013-06-01,1.6659749197136977,2.1042386512347533,2.537542872594045,Huber,Wage,wage_target_3,3,Expanding Window
2013-07-01,1.830666810964665,1.9139568513035052,2.537542872594045,Huber,Wage,wage_target_3,3,Expanding Window
2013-09-01,1.9900538560454704,2.1643175274930355,2.537542872594045,Huber,Wage,wage_target_3,3,Expanding Window
2013-10-01,2.152768599266608,2.064307174406529,2.537542872594045,Huber,Wage,wage_target_3,3,Expanding Window
2013-12-01,2.1447772565540646,2.352897956914172,2.537542872594045,Huber,Wage,wage_target_3,3,Expanding Window
2014-02-01,1.149190201489958,2.0965389427570984,2.537542872594045,Huber,Wage,wage_target_3,3,Expanding Window
2014-03-01,2.460536772397859,1.8104404840221098,2.537542872594045,Huber,Wage,wage_target_3,3,Expanding Window
2014-05-01,2.288522793443626,2.258648478249466,2.537542872594045,Huber,Wage,wage_target_3,3,Expanding Window
2014-06-01,1.6319892079661005,2.291768239766308,2.537542872594045,Huber,Wage,wage_target_3,3,Expanding Window
2014-08-01,1.9512233813731683,2.1567277692836417,2.537542872594045,Huber,Wage,wage_target_3,3,Expanding Window
2015-01-01,2.417899766063414,2.819574404518586,2.537542872594045,Huber,Wage,wage_target_3,3,Expanding Window
2015-08-01,2.3833238334521667,2.70471103528514,2.537542872594045,Huber,Wage,wage_target_3,3,Expanding Window
2012-10-01,3.0444121592543283,2.0326338558798875,2.537542872594045,RandomForest,Wage,wage_target_3,3,Expanding Window
2012-12-01,1.3468026191617355,2.3331638812926885,2.537542872594045,RandomForest,Wage,wage_target_3,3,Expanding Window
2013-02-01,1.8460280300329757,2.145873264451251,2.537542872594045,RandomForest,Wage,wage_target_3,3,Expanding Window
2013-03-01,2.6800770279278296,2.0764950601952146,2.537542872594045,RandomForest,Wage,wage_target_3,3,Expanding Window
2013-04-01,1.8390836994518267,2.3671668287575285,2.537542872594045,RandomForest,Wage,wage_target_3,3,Expanding Window
2013-05-01,2.1707421256477843,2.1366509572336994,2.537542872594045,RandomForest,Wage,wage_target_3,3,Expanding Window
2013-06-01,1.6659749197136977,2.207599765780817,2.537542872594045,RandomForest,Wage,wage_target_3,3,Expanding Window
2013-07-01,1.830666810964665,2.0588796052436056,2.537542872594045,RandomForest,Wage,wage_target_3,3,Expanding Window
2013-09-01,1.9900538560454704,2.3151228109502457,2.537542872594045,RandomForest,Wage,wage_target_3,3,Expanding Window
2013-10-01,2.152768599266608,2.2428562022274914,2.537542872594045,RandomForest,Wage,wage_target_3,3,Expanding Window
2013-12-01,2.1447772565540646,2.6037434811568483,2.537542872594045,RandomForest,Wage,wage_target_3,3,Expanding Window
2014-02-01,1.149190201489958,2.2205346613280166,2.537542872594045,RandomForest,Wage,wage_target_3,3,Expanding Window
2014-03-01,2.460536772397859,2.2528179325220514,2.537542872594045,RandomForest,Wage,wage_target_3,3,Expanding Window
2014-05-01,2.288522793443626,2.3428724996520605,2.537542872594045,RandomForest,Wage,wage_target_3,3,Expanding Window
2014-06-01,1.6319892079661005,2.3482964881996384,2.537542872594045,RandomForest,Wage,wage_target_3,3,Expanding Window
2014-08-01,1.9512233813731683,2.184503392401775,2.537542872594045,RandomForest,Wage,wage_target_3,3,Expanding Window
2015-01-01,2.417899766063414,2.8175747888297678,2.537542872594045,RandomForest,Wage,wage_target_3,3,Expanding Window
2015-08-01,2.3833238334521667,2.8224052760519283,2.537542872594045,RandomForest,Wage,wage_target_3,3,Expanding Window
2012-10-01,3.0444121592543283,2.090571199405923,2.537542872594045,GradientBoosting,Wage,wage_target_3,3,Expanding Window
2012-12-01,1.3468026191617355,2.234092929027106,2.537542872594045,GradientBoosting,Wage,wage_target_3,3,Expanding Window
2013-02-01,1.8460280300329757,1.9690725314563187,2.537542872594045,GradientBoosting,Wage,wage_target_3,3,Expanding Window
2013-03-01,2.6800770279278296,1.92097581237475,2.537542872594045,GradientBoosting,Wage,wage_target_3,3,Expanding Window
2013-04-01,1.8390836994518267,2.260840708063074,2.537542872594045,GradientBoosting,Wage,wage_target_3,3,Expanding Window
2013-05-01,2.1707421256477843,1.9646290905951578,2.537542872594045,GradientBoosting,Wage,wage_target_3,3,Expanding Window
2013-06-01,1.6659749197136977,1.9840108037348185,2.537542872594045,GradientBoosting,Wage,wage_target_3,3,Expanding Window
2013-07-01,1.830666810964665,1.8899603783723826,2.537542872594045,GradientBoosting,Wage,wage_target_3,3,Expanding Window
2013-09-01,1.9900538560454704,1.961257199099086,2.537542872594045,GradientBoosting,Wage,wage_target_3,3,Expanding Window
2013-10-01,2.152768599266608,2.0076602851306498,2.537542872594045,GradientBoosting,Wage,wage_target_3,3,Expanding Window
2013-12-01,2.1447772565540646,2.4424812237617375,2.537542872594045,GradientBoosting,Wage,wage_target_3,3,Expanding Window
2014-02-01,1.149190201489958,1.9368279252440195,2.537542872594045,GradientBoosting,Wage,wage_target_3,3,Expanding Window
2014-03-01,2.460536772397859,2.3090720311845714,2.537542872594045,GradientBoosting,Wage,wage_target_3,3,Expanding Window
2014-05-01,2.288522793443626,2.0391647510484305,2.537542872594045,GradientBoosting,Wage,wage_target_3,3,Expanding Window
2014-06-01,1.6319892079661005,2.0391647510484305,2.537542872594045,GradientBoosting,Wage,wage_target_3,3,Expanding Window
2014-08-01,1.9512233813731683,1.9981572410459405,2.537542872594045,GradientBoosting,Wage,wage_target_3,3,Expanding Window
2015-01-01,2.417899766063414,2.6812581539347207,2.537542872594045,GradientBoosting,Wage,wage_target_3,3,Expanding Window
2015-08-01,2.3833238334521667,2.9501144720373795,2.537542872594045,GradientBoosting,Wage,wage_target_3,3,Expanding Window
2015-09-01,2.223993020750114,2.3833238334521667,2.3833238334521667,Persistence,Wage,wage_target_3,3,Expanding Window
2015-11-01,2.054122625949084,2.3833238334521667,2.3833238334521667,Persistence,Wage,wage_target_3,3,Expanding Window
2015-12-01,3.155834910065103,2.3833238334521667,2.3833238334521667,Persistence,Wage,wage_target_3,3,Expanding Window
2016-01-01,2.514743056880775,2.3833238334521667,2.3833238334521667,Persistence,Wage,wage_target_3,3,Expanding Window
2016-03-01,2.663021388822706,2.3833238334521667,2.3833238334521667,Persistence,Wage,wage_target_3,3,Expanding Window
2016-08-01,2.945178971077489,2.3833238334521667,2.3833238334521667,Persistence,Wage,wage_target_3,3,Expanding Window
2016-09-01,2.4758299545197815,2.3833238334521667,2.3833238334521667,Persistence,Wage,wage_target_3,3,Expanding Window
2017-01-01,2.759688984108699,2.3833238334521667,2.3833238334521667,Persistence,Wage,wage_target_3,3,Expanding Window
2017-05-01,2.434393211952113,2.3833238334521667,2.3833238334521667,Persistence,Wage,wage_target_3,3,Expanding Window
2017-06-01,3.4881737637313392,2.3833238334521667,2.3833238334521667,Persistence,Wage,wage_target_3,3,Expanding Window
2017-12-01,3.2909684516130966,2.3833238334521667,2.3833238334521667,Persistence,Wage,wage_target_3,3,Expanding Window
2018-02-01,3.5741116423251285,2.3833238334521667,2.3833238334521667,Persistence,Wage,wage_target_3,3,Expanding Window
2018-03-01,2.67261573339308,2.3833238334521667,2.3833238334521667,Persistence,Wage,wage_target_3,3,Expanding Window
2018-04-01,2.814305258736205,2.3833238334521667,2.3833238334521667,Persistence,Wage,wage_target_3,3,Expanding Window
2018-05-01,3.395480806218032,2.3833238334521667,2.3833238334521667,Persistence,Wage,wage_target_3,3,Expanding Window
2018-08-01,3.3669000250117875,2.3833238334521667,2.3833238334521667,Persistence,Wage,wage_target_3,3,Expanding Window
2018-09-01,3.498564577147434,2.3833238334521667,2.3833238334521667,Persistence,Wage,wage_target_3,3,Expanding Window
2018-10-01,3.2023460706426476,2.3833238334521667,2.3833238334521667,Persistence,Wage,wage_target_3,3,Expanding Window
2015-09-01,2.223993020750114,2.2241900872021105,2.3833238334521667,AR,Wage,wage_target_3,3,Expanding Window
2015-11-01,2.054122625949084,2.3964794561981,2.3833238334521667,AR,Wage,wage_target_3,3,Expanding Window
2015-12-01,3.155834910065103,2.0388544165260276,2.3833238334521667,AR,Wage,wage_target_3,3,Expanding Window
2016-01-01,2.514743056880775,2.6591030074028064,2.3833238334521667,AR,Wage,wage_target_3,3,Expanding Window
2016-03-01,2.663021388822706,2.6500381647467135,2.3833238334521667,AR,Wage,wage_target_3,3,Expanding Window
2016-08-01,2.945178971077489,2.7157552319903218,2.3833238334521667,AR,Wage,wage_target_3,3,Expanding Window
2016-09-01,2.4758299545197815,2.5405066631478914,2.3833238334521667,AR,Wage,wage_target_3,3,Expanding Window
2017-01-01,2.759688984108699,2.4402581632669493,2.3833238334521667,AR,Wage,wage_target_3,3,Expanding Window
2017-05-01,2.434393211952113,2.3399861558791226,2.3833238334521667,AR,Wage,wage_target_3,3,Expanding Window
2017-06-01,3.4881737637313392,2.252941432274894,2.3833238334521667,AR,Wage,wage_target_3,3,Expanding Window
2017-12-01,3.2909684516130966,2.5730687243835435,2.3833238334521667,AR,Wage,wage_target_3,3,Expanding Window
2018-02-01,3.5741116423251285,2.478053194645776,2.3833238334521667,AR,Wage,wage_target_3,3,Expanding Window
2018-03-01,2.67261573339308,2.894586951370072,2.3833238334521667,AR,Wage,wage_target_3,3,Expanding Window
2018-04-01,2.814305258736205,2.3870573764911547,2.3833238334521667,AR,Wage,wage_target_3,3,Expanding Window
2018-05-01,3.395480806218032,2.4668265954634085,2.3833238334521667,AR,Wage,wage_target_3,3,Expanding Window
2018-08-01,3.3669000250117875,3.11494328825051,2.3833238334521667,AR,Wage,wage_target_3,3,Expanding Window
2018-09-01,3.498564577147434,2.777929711993803,2.3833238334521667,AR,Wage,wage_target_3,3,Expanding Window
2018-10-01,3.2023460706426476,2.852055011409959,2.3833238334521667,AR,Wage,wage_target_3,3,Expanding Window
2015-09-01,2.223993020750114,2.3359595807193103,2.3833238334521667,OLS,Wage,wage_target_3,3,Expanding Window
2015-11-01,2.054122625949084,2.4336129156689728,2.3833238334521667,OLS,Wage,wage_target_3,3,Expanding Window
2015-12-01,3.155834910065103,2.311788504767091,2.3833238334521667,OLS,Wage,wage_target_3,3,Expanding Window
2016-01-01,2.514743056880775,2.667258904018162,2.3833238334521667,OLS,Wage,wage_target_3,3,Expanding Window
2016-03-01,2.663021388822706,2.639028770073096,2.3833238334521667,OLS,Wage,wage_target_3,3,Expanding Window
2016-08-01,2.945178971077489,2.6091396424134548,2.3833238334521667,OLS,Wage,wage_target_3,3,Expanding Window
2016-09-01,2.4758299545197815,2.5252658077672994,2.3833238334521667,OLS,Wage,wage_target_3,3,Expanding Window
2017-01-01,2.759688984108699,2.4865294582795348,2.3833238334521667,OLS,Wage,wage_target_3,3,Expanding Window
2017-05-01,2.434393211952113,2.503805430033556,2.3833238334521667,OLS,Wage,wage_target_3,3,Expanding Window
2017-06-01,3.4881737637313392,2.516198764814261,2.3833238334521667,OLS,Wage,wage_target_3,3,Expanding Window
2017-12-01,3.2909684516130966,2.715417535901159,2.3833238334521667,OLS,Wage,wage_target_3,3,Expanding Window
2018-02-01,3.5741116423251285,2.6997315562484325,2.3833238334521667,OLS,Wage,wage_target_3,3,Expanding Window
2018-03-01,2.67261573339308,2.9352239549094943,2.3833238334521667,OLS,Wage,wage_target_3,3,Expanding Window
2018-04-01,2.814305258736205,2.715454579785248,2.3833238334521667,OLS,Wage,wage_target_3,3,Expanding Window
2018-05-01,3.395480806218032,2.778023711495836,2.3833238334521667,OLS,Wage,wage_target_3,3,Expanding Window
2018-08-01,3.3669000250117875,3.1287333108486566,2.3833238334521667,OLS,Wage,wage_target_3,3,Expanding Window
2018-09-01,3.498564577147434,2.985043138811766,2.3833238334521667,OLS,Wage,wage_target_3,3,Expanding Window
2018-10-01,3.2023460706426476,3.043552096760344,2.3833238334521667,OLS,Wage,wage_target_3,3,Expanding Window
2015-09-01,2.223993020750114,2.3369948233977453,2.3833238334521667,Ridge,Wage,wage_target_3,3,Expanding Window
2015-11-01,2.054122625949084,2.433989458883735,2.3833238334521667,Ridge,Wage,wage_target_3,3,Expanding Window
2015-12-01,3.155834910065103,2.3120608428432488,2.3833238334521667,Ridge,Wage,wage_target_3,3,Expanding Window
2016-01-01,2.514743056880775,2.6651009283088074,2.3833238334521667,Ridge,Wage,wage_target_3,3,Expanding Window
2016-03-01,2.663021388822706,2.6374692377357474,2.3833238334521667,Ridge,Wage,wage_target_3,3,Expanding Window
2016-08-01,2.945178971077489,2.608946832347711,2.3833238334521667,Ridge,Wage,wage_target_3,3,Expanding Window
2016-09-01,2.4758299545197815,2.525595325137231,2.3833238334521667,Ridge,Wage,wage_target_3,3,Expanding Window
2017-01-01,2.759688984108699,2.487593913090941,2.3833238334521667,Ridge,Wage,wage_target_3,3,Expanding Window
2017-05-01,2.434393211952113,2.5046556824678086,2.3833238334521667,Ridge,Wage,wage_target_3,3,Expanding Window
2017-06-01,3.4881737637313392,2.516808271813124,2.3833238334521667,Ridge,Wage,wage_target_3,3,Expanding Window
2017-12-01,3.2909684516130966,2.7148487062907143,2.3833238334521667,Ridge,Wage,wage_target_3,3,Expanding Window
2018-02-01,3.5741116423251285,2.6991328399202943,2.3833238334521667,Ridge,Wage,wage_target_3,3,Expanding Window
2018-03-01,2.67261573339308,2.9332851415763255,2.3833238334521667,Ridge,Wage,wage_target_3,3,Expanding Window
2018-04-01,2.814305258736205,2.714495603887853,2.3833238334521667,Ridge,Wage,wage_target_3,3,Expanding Window
2018-05-01,3.395480806218032,2.7767381761784633,2.3833238334521667,Ridge,Wage,wage_target_3,3,Expanding Window
2018-08-01,3.3669000250117875,3.125491775563468,2.3833238334521667,Ridge,Wage,wage_target_3,3,Expanding Window
2018-09-01,3.498564577147434,2.9825297361017498,2.3833238334521667,Ridge,Wage,wage_target_3,3,Expanding Window
2018-10-01,3.2023460706426476,3.0403429160836533,2.3833238334521667,Ridge,Wage,wage_target_3,3,Expanding Window
2015-09-01,2.223993020750114,2.3104632343564897,2.3833238334521667,ElasticNet,Wage,wage_target_3,3,Expanding Window
2015-11-01,2.054122625949084,2.404364867718728,2.3833238334521667,ElasticNet,Wage,wage_target_3,3,Expanding Window
2015-12-01,3.155834910065103,2.273882675415386,2.3833238334521667,ElasticNet,Wage,wage_target_3,3,Expanding Window
2016-01-01,2.514743056880775,2.618478719755508,2.3833238334521667,ElasticNet,Wage,wage_target_3,3,Expanding Window
2016-03-01,2.663021388822706,2.5969084920723815,2.3833238334521667,ElasticNet,Wage,wage_target_3,3,Expanding Window
2016-08-01,2.945178971077489,2.584089722844101,2.3833238334521667,ElasticNet,Wage,wage_target_3,3,Expanding Window
2016-09-01,2.4758299545197815,2.5010632715563026,2.3833238334521667,ElasticNet,Wage,wage_target_3,3,Expanding Window
2017-01-01,2.759688984108699,2.4697002749137598,2.3833238334521667,ElasticNet,Wage,wage_target_3,3,Expanding Window
2017-05-01,2.434393211952113,2.4825356886024417,2.3833238334521667,ElasticNet,Wage,wage_target_3,3,Expanding Window
2017-06-01,3.4881737637313392,2.4890779610330735,2.3833238334521667,ElasticNet,Wage,wage_target_3,3,Expanding Window
2017-12-01,3.2909684516130966,2.6857071278836617,2.3833238334521667,ElasticNet,Wage,wage_target_3,3,Expanding Window
2018-02-01,3.5741116423251285,2.6677404987115247,2.3833238334521667,ElasticNet,Wage,wage_target_3,3,Expanding Window
2018-03-01,2.67261573339308,2.898636320553567,2.3833238334521667,ElasticNet,Wage,wage_target_3,3,Expanding Window
2018-04-01,2.814305258736205,2.6790167309798316,2.3833238334521667,ElasticNet,Wage,wage_target_3,3,Expanding Window
2018-05-01,3.395480806218032,2.738301118857121,2.3833238334521667,ElasticNet,Wage,wage_target_3,3,Expanding Window
2018-08-01,3.3669000250117875,3.0857192272368286,2.3833238334521667,ElasticNet,Wage,wage_target_3,3,Expanding Window
2018-09-01,3.498564577147434,2.940823957626359,2.3833238334521667,ElasticNet,Wage,wage_target_3,3,Expanding Window
2018-10-01,3.2023460706426476,2.9982558805523,2.3833238334521667,ElasticNet,Wage,wage_target_3,3,Expanding Window
2015-09-01,2.223993020750114,2.2459938107598947,2.3833238334521667,Huber,Wage,wage_target_3,3,Expanding Window
2015-11-01,2.054122625949084,2.3434354974682865,2.3833238334521667,Huber,Wage,wage_target_3,3,Expanding Window
2015-12-01,3.155834910065103,2.2038023967782006,2.3833238334521667,Huber,Wage,wage_target_3,3,Expanding Window
2016-01-01,2.514743056880775,2.562446242786965,2.3833238334521667,Huber,Wage,wage_target_3,3,Expanding Window
2016-03-01,2.663021388822706,2.540009934064782,2.3833238334521667,Huber,Wage,wage_target_3,3,Expanding Window
2016-08-01,2.945178971077489,2.5267285476353756,2.3833238334521667,Huber,Wage,wage_target_3,3,Expanding Window
2016-09-01,2.4758299545197815,2.4379773903938,2.3833238334521667,Huber,Wage,wage_target_3,3,Expanding Window
2017-01-01,2.759688984108699,2.3987159083936755,2.3833238334521667,Huber,Wage,wage_target_3,3,Expanding Window
2017-05-01,2.434393211952113,2.401235399577451,2.3833238334521667,Huber,Wage,wage_target_3,3,Expanding Window
2017-06-01,3.4881737637313392,2.399152344589659,2.3833238334521667,Huber,Wage,wage_target_3,3,Expanding Window
2017-12-01,3.2909684516130966,2.6004696770458855,2.3833238334521667,Huber,Wage,wage_target_3,3,Expanding Window
2018-02-01,3.5741116423251285,2.577060128728929,2.3833238334521667,Huber,Wage,wage_target_3,3,Expanding Window
2018-03-01,2.67261573339308,2.81514842810216,2.3833238334521667,Huber,Wage,wage_target_3,3,Expanding Window
2018-04-01,2.814305258736205,2.5810852837183638,2.3833238334521667,Huber,Wage,wage_target_3,3,Expanding Window
2018-05-01,3.395480806218032,2.63842949294846,2.3833238334521667,Huber,Wage,wage_target_3,3,Expanding Window
2018-08-01,3.3669000250117875,2.9998733718460846,2.3833238334521667,Huber,Wage,wage_target_3,3,Expanding Window
2018-09-01,3.498564577147434,2.8433041765580276,2.3833238334521667,Huber,Wage,wage_target_3,3,Expanding Window
2018-10-01,3.2023460706426476,2.9052263877752043,2.3833238334521667,Huber,Wage,wage_target_3,3,Expanding Window
2015-09-01,2.223993020750114,2.126928275403556,2.3833238334521667,RandomForest,Wage,wage_target_3,3,Expanding Window
2015-11-01,2.054122625949084,2.2932148954520084,2.3833238334521667,RandomForest,Wage,wage_target_3,3,Expanding Window
2015-12-01,3.155834910065103,2.1517024995528753,2.3833238334521667,RandomForest,Wage,wage_target_3,3,Expanding Window
2016-01-01,2.514743056880775,2.5524930567590713,2.3833238334521667,RandomForest,Wage,wage_target_3,3,Expanding Window
2016-03-01,2.663021388822706,2.5524930567590713,2.3833238334521667,RandomForest,Wage,wage_target_3,3,Expanding Window
2016-08-01,2.945178971077489,2.500400128928726,2.3833238334521667,RandomForest,Wage,wage_target_3,3,Expanding Window
2016-09-01,2.4758299545197815,2.4363379993868897,2.3833238334521667,RandomForest,Wage,wage_target_3,3,Expanding Window
2017-01-01,2.759688984108699,2.3268433632443397,2.3833238334521667,RandomForest,Wage,wage_target_3,3,Expanding Window
2017-05-01,2.434393211952113,2.3256838495363215,2.3833238334521667,RandomForest,Wage,wage_target_3,3,Expanding Window
2017-06-01,3.4881737637313392,2.1812550886677453,2.3833238334521667,RandomForest,Wage,wage_target_3,3,Expanding Window
2017-12-01,3.2909684516130966,3.0313479764905895,2.3833238334521667,RandomForest,Wage,wage_target_3,3,Expanding Window
2018-02-01,3.5741116423251285,2.9529525175785785,2.3833238334521667,RandomForest,Wage,wage_target_3,3,Expanding Window
2018-03-01,2.67261573339308,3.1694409703389055,2.3833238334521667,RandomForest,Wage,wage_target_3,3,Expanding Window
2018-04-01,2.814305258736205,2.939286377985672,2.3833238334521667,RandomForest,Wage,wage_target_3,3,Expanding Window
2018-05-01,3.395480806218032,2.9653534064479414,2.3833238334521667,RandomForest,Wage,wage_target_3,3,Expanding Window
2018-08-01,3.3669000250117875,3.190709080685973,2.3833238334521667,RandomForest,Wage,wage_target_3,3,Expanding Window
2018-09-01,3.498564577147434,3.1305016961384187,2.3833238334521667,RandomForest,Wage,wage_target_3,3,Expanding Window
2018-10-01,3.2023460706426476,3.1396565397073535,2.3833238334521667,RandomForest,Wage,wage_target_3,3,Expanding Window
2015-09-01,2.223993020750114,2.216531716343869,2.3833238334521667,GradientBoosting,Wage,wage_target_3,3,Expanding Window
2015-11-01,2.054122625949084,2.6139219608148423,2.3833238334521667,GradientBoosting,Wage,wage_target_3,3,Expanding Window
2015-12-01,3.155834910065103,2.567604802005938,2.3833238334521667,GradientBoosting,Wage,wage_target_3,3,Expanding Window
2016-01-01,2.514743056880775,2.9719534963826755,2.3833238334521667,GradientBoosting,Wage,wage_target_3,3,Expanding Window
2016-03-01,2.663021388822706,3.196532520166564,2.3833238334521667,GradientBoosting,Wage,wage_target_3,3,Expanding Window
2016-08-01,2.945178971077489,2.8854413707328215,2.3833238334521667,GradientBoosting,Wage,wage_target_3,3,Expanding Window
2016-09-01,2.4758299545197815,2.839372023976777,2.3833238334521667,GradientBoosting,Wage,wage_target_3,3,Expanding Window
2017-01-01,2.759688984108699,2.855268883729005,2.3833238334521667,GradientBoosting,Wage,wage_target_3,3,Expanding Window
2017-05-01,2.434393211952113,2.8131219636180056,2.3833238334521667,GradientBoosting,Wage,wage_target_3,3,Expanding Window
2017-06-01,3.4881737637313392,2.4992819943542943,2.3833238334521667,GradientBoosting,Wage,wage_target_3,3,Expanding Window
2017-12-01,3.2909684516130966,3.4397922424440397,2.3833238334521667,GradientBoosting,Wage,wage_target_3,3,Expanding Window
2018-02-01,3.5741116423251285,3.3983773529778762,2.3833238334521667,GradientBoosting,Wage,wage_target_3,3,Expanding Window
2018-03-01,2.67261573339308,3.581769460141101,2.3833238334521667,GradientBoosting,Wage,wage_target_3,3,Expanding Window
2018-04-01,2.814305258736205,3.3519197146855295,2.3833238334521667,GradientBoosting,Wage,wage_target_3,3,Expanding Window
2018-05-01,3.395480806218032,3.3983773529778762,2.3833238334521667,GradientBoosting,Wage,wage_target_3,3,Expanding Window
2018-08-01,3.3669000250117875,3.6333056333366547,2.3833238334521667,GradientBoosting,Wage,wage_target_3,3,Expanding Window
2018-09-01,3.498564577147434,3.534567046765753,2.3833238334521667,GradientBoosting,Wage,wage_target_3,3,Expanding Window
2018-10-01,3.2023460706426476,3.5082753864044025,2.3833238334521667,GradientBoosting,Wage,wage_target_3,3,Expanding Window
2018-12-01,3.0363420693001686,3.2023460706426476,3.2023460706426476,Persistence,Wage,wage_target_3,3,Expanding Window
2019-01-01,2.8891422100871367,3.2023460706426476,3.2023460706426476,Persistence,Wage,wage_target_3,3,Expanding Window
2019-08-01,2.832873030516403,3.2023460706426476,3.2023460706426476,Persistence,Wage,wage_target_3,3,Expanding Window
2020-12-01,1.601603741352875,3.2023460706426476,3.2023460706426476,Persistence,Wage,wage_target_3,3,Expanding Window
2021-01-01,3.8570539919943414,3.2023460706426476,3.2023460706426476,Persistence,Wage,wage_target_3,3,Expanding Window
2021-02-01,4.763536283222614,3.2023460706426476,3.2023460706426476,Persistence,Wage,wage_target_3,3,Expanding Window
2021-03-01,6.73616711809899,3.2023460706426476,3.2023460706426476,Persistence,Wage,wage_target_3,3,Expanding Window
2021-04-01,5.781966639629843,3.2023460706426476,3.2023460706426476,Persistence,Wage,wage_target_3,3,Expanding Window
2021-05-01,4.8374506885839,3.2023460706426476,3.2023460706426476,Persistence,Wage,wage_target_3,3,Expanding Window
2021-09-01,5.259014346055935,3.2023460706426476,3.2023460706426476,Persistence,Wage,wage_target_3,3,Expanding Window
2022-08-01,4.658342565893037,3.2023460706426476,3.2023460706426476,Persistence,Wage,wage_target_3,3,Expanding Window
2023-01-01,4.936104776010097,3.2023460706426476,3.2023460706426476,Persistence,Wage,wage_target_3,3,Expanding Window
2023-04-01,4.994119570510769,3.2023460706426476,3.2023460706426476,Persistence,Wage,wage_target_3,3,Expanding Window
2023-08-01,3.2912322032961683,3.2023460706426476,3.2023460706426476,Persistence,Wage,wage_target_3,3,Expanding Window
2023-09-01,3.2796669822900526,3.2023460706426476,3.2023460706426476,Persistence,Wage,wage_target_3,3,Expanding Window
2023-10-01,4.551471427063625,3.2023460706426476,3.2023460706426476,Persistence,Wage,wage_target_3,3,Expanding Window
2024-03-01,4.13440373226468,3.2023460706426476,3.2023460706426476,Persistence,Wage,wage_target_3,3,Expanding Window
2024-06-01,3.752692769990595,3.2023460706426476,3.2023460706426476,Persistence,Wage,wage_target_3,3,Expanding Window
2018-12-01,3.0363420693001686,3.0375994474446677,3.2023460706426476,AR,Wage,wage_target_3,3,Expanding Window
2019-01-01,2.8891422100871367,2.687285344839675,3.2023460706426476,AR,Wage,wage_target_3,3,Expanding Window
2019-08-01,2.832873030516403,2.6572433074608113,3.2023460706426476,AR,Wage,wage_target_3,3,Expanding Window
2020-12-01,1.601603741352875,4.143573323615865,3.2023460706426476,AR,Wage,wage_target_3,3,Expanding Window
2021-01-01,3.8570539919943414,1.837525156549501,3.2023460706426476,AR,Wage,wage_target_3,3,Expanding Window
2021-02-01,4.763536283222614,3.17337281066934,3.2023460706426476,AR,Wage,wage_target_3,3,Expanding Window
2021-03-01,6.73616711809899,3.7102599541095778,3.2023460706426476,AR,Wage,wage_target_3,3,Expanding Window
2021-04-01,5.781966639629843,4.878600631304571,3.2023460706426476,AR,Wage,wage_target_3,3,Expanding Window
2021-05-01,4.8374506885839,4.3134511803865045,3.2023460706426476,AR,Wage,wage_target_3,3,Expanding Window
2021-09-01,5.259014346055935,4.3274587975939935,3.2023460706426476,AR,Wage,wage_target_3,3,Expanding Window
2022-08-01,4.658342565893037,3.511583084135146,3.2023460706426476,AR,Wage,wage_target_3,3,Expanding Window
2023-01-01,4.936104776010097,3.2505416257592445,3.2023460706426476,AR,Wage,wage_target_3,3,Expanding Window
2023-04-01,4.994119570510769,3.860964822547325,3.2023460706426476,AR,Wage,wage_target_3,3,Expanding Window
2023-08-01,3.2912322032961683,2.493219784892121,3.2023460706426476,AR,Wage,wage_target_3,3,Expanding Window
2023-09-01,3.2796669822900526,2.8382504957934627,3.2023460706426476,AR,Wage,wage_target_3,3,Expanding Window
2023-10-01,4.551471427063625,2.8314007001280506,3.2023460706426476,AR,Wage,wage_target_3,3,Expanding Window
2024-03-01,4.13440373226468,3.4147259764548488,3.2023460706426476,AR,Wage,wage_target_3,3,Expanding Window
2024-06-01,3.752692769990595,3.1191708215255027,3.2023460706426476,AR,Wage,wage_target_3,3,Expanding Window
2018-12-01,3.0363420693001686,3.3183577301742333,3.2023460706426476,OLS,Wage,wage_target_3,3,Expanding Window
2019-01-01,2.8891422100871367,3.1915902335724105,3.2023460706426476,OLS,Wage,wage_target_3,3,Expanding Window
2019-08-01,2.832873030516403,3.165406649741001,3.2023460706426476,OLS,Wage,wage_target_3,3,Expanding Window
2020-12-01,1.601603741352875,3.0811803490245735,3.2023460706426476,OLS,Wage,wage_target_3,3,Expanding Window
2021-01-01,3.8570539919943414,2.2870167784177946,3.2023460706426476,OLS,Wage,wage_target_3,3,Expanding Window
2021-02-01,4.763536283222614,2.8366527266026065,3.2023460706426476,OLS,Wage,wage_target_3,3,Expanding Window
2021-03-01,6.73616711809899,3.0971906287305333,3.2023460706426476,OLS,Wage,wage_target_3,3,Expanding Window
2021-04-01,5.781966639629843,3.5758756373846348,3.2023460706426476,OLS,Wage,wage_target_3,3,Expanding Window
2021-05-01,4.8374506885839,3.437419497238888,3.2023460706426476,OLS,Wage,wage_target_3,3,Expanding Window
2021-09-01,5.259014346055935,3.6054847425891454,3.2023460706426476,OLS,Wage,wage_target_3,3,Expanding Window
2022-08-01,4.658342565893037,3.7164107218865556,3.2023460706426476,OLS,Wage,wage_target_3,3,Expanding Window
2023-01-01,4.936104776010097,3.872070324205567,3.2023460706426476,OLS,Wage,wage_target_3,3,Expanding Window
2023-04-01,4.994119570510769,4.142662703989439,3.2023460706426476,OLS,Wage,wage_target_3,3,Expanding Window
2023-08-01,3.2912322032961683,3.5800237397363297,3.2023460706426476,OLS,Wage,wage_target_3,3,Expanding Window
2023-09-01,3.2796669822900526,3.706900514865887,3.2023460706426476,OLS,Wage,wage_target_3,3,Expanding Window
2023-10-01,4.551471427063625,3.6558428435503396,3.2023460706426476,OLS,Wage,wage_target_3,3,Expanding Window
2024-03-01,4.13440373226468,3.801962896698563,3.2023460706426476,OLS,Wage,wage_target_3,3,Expanding Window
2024-06-01,3.752692769990595,3.6015703240576054,3.2023460706426476,OLS,Wage,wage_target_3,3,Expanding Window
2018-12-01,3.0363420693001686,3.309770987093753,3.2023460706426476,Ridge,Wage,wage_target_3,3,Expanding Window
2019-01-01,2.8891422100871367,3.181625640998629,3.2023460706426476,Ridge,Wage,wage_target_3,3,Expanding Window
2019-08-01,2.832873030516403,3.15545687962305,3.2023460706426476,Ridge,Wage,wage_target_3,3,Expanding Window
2020-12-01,1.601603741352875,3.0886477031564645,3.2023460706426476,Ridge,Wage,wage_target_3,3,Expanding Window
2021-01-01,3.8570539919943414,2.282578012593844,3.2023460706426476,Ridge,Wage,wage_target_3,3,Expanding Window
2021-02-01,4.763536283222614,2.8375835648704584,3.2023460706426476,Ridge,Wage,wage_target_3,3,Expanding Window
2021-03-01,6.73616711809899,3.099355676699031,3.2023460706426476,Ridge,Wage,wage_target_3,3,Expanding Window
2021-04-01,5.781966639629843,3.5828371147865656,3.2023460706426476,Ridge,Wage,wage_target_3,3,Expanding Window
2021-05-01,4.8374506885839,3.4401876630681865,3.2023460706426476,Ridge,Wage,wage_target_3,3,Expanding Window
2021-09-01,5.259014346055935,3.6051713775450933,3.2023460706426476,Ridge,Wage,wage_target_3,3,Expanding Window
2022-08-01,4.658342565893037,3.7057599060482613,3.2023460706426476,Ridge,Wage,wage_target_3,3,Expanding Window
2023-01-01,4.936104776010097,3.857948500580273,3.2023460706426476,Ridge,Wage,wage_target_3,3,Expanding Window
2023-04-01,4.994119570510769,4.131028631544645,3.2023460706426476,Ridge,Wage,wage_target_3,3,Expanding Window
2023-08-01,3.2912322032961683,3.5643241000994577,3.2023460706426476,Ridge,Wage,wage_target_3,3,Expanding Window
2023-09-01,3.2796669822900526,3.692859878597642,3.2023460706426476,Ridge,Wage,wage_target_3,3,Expanding Window
2023-10-01,4.551471427063625,3.6423902627923077,3.2023460706426476,Ridge,Wage,wage_target_3,3,Expanding Window
2024-03-01,4.13440373226468,3.7936551183153675,3.2023460706426476,Ridge,Wage,wage_target_3,3,Expanding Window
2024-06-01,3.752692769990595,3.593722207797647,3.2023460706426476,Ridge,Wage,wage_target_3,3,Expanding Window
2018-12-01,3.0363420693001686,3.269905721235792,3.2023460706426476,ElasticNet,Wage,wage_target_3,3,Expanding Window
2019-01-01,2.8891422100871367,3.1406506755733075,3.2023460706426476,ElasticNet,Wage,wage_target_3,3,Expanding Window
2019-08-01,2.832873030516403,3.117287070560294,3.2023460706426476,ElasticNet,Wage,wage_target_3,3,Expanding Window
2020-12-01,1.601603741352875,3.1104506088920494,3.2023460706426476,ElasticNet,Wage,wage_target_3,3,Expanding Window
2021-01-01,3.8570539919943414,2.286248346737045,3.2023460706426476,ElasticNet,Wage,wage_target_3,3,Expanding Window
2021-02-01,4.763536283222614,2.8476785898904686,3.2023460706426476,ElasticNet,Wage,wage_target_3,3,Expanding Window
2021-03-01,6.73616711809899,3.108047749633414,3.2023460706426476,ElasticNet,Wage,wage_target_3,3,Expanding Window
2021-04-01,5.781966639629843,3.5977207833971523,3.2023460706426476,ElasticNet,Wage,wage_target_3,3,Expanding Window
2021-05-01,4.8374506885839,3.445298011283586,3.2023460706426476,ElasticNet,Wage,wage_target_3,3,Expanding Window
2021-09-01,5.259014346055935,3.599222079987987,3.2023460706426476,ElasticNet,Wage,wage_target_3,3,Expanding Window
2022-08-01,4.658342565893037,3.65341171734309,3.2023460706426476,ElasticNet,Wage,wage_target_3,3,Expanding Window
2023-01-01,4.936104776010097,3.786722087428708,3.2023460706426476,ElasticNet,Wage,wage_target_3,3,Expanding Window
2023-04-01,4.994119570510769,4.05911085897174,3.2023460706426476,ElasticNet,Wage,wage_target_3,3,Expanding Window
2023-08-01,3.2912322032961683,3.4927514727445166,3.2023460706426476,ElasticNet,Wage,wage_target_3,3,Expanding Window
2023-09-01,3.2796669822900526,3.623755097656635,3.2023460706426476,ElasticNet,Wage,wage_target_3,3,Expanding Window
2023-10-01,4.551471427063625,3.5736808086640526,3.2023460706426476,ElasticNet,Wage,wage_target_3,3,Expanding Window
2024-03-01,4.13440373226468,3.7427251110702833,3.2023460706426476,ElasticNet,Wage,wage_target_3,3,Expanding Window
2024-06-01,3.752692769990595,3.547786010346111,3.2023460706426476,ElasticNet,Wage,wage_target_3,3,Expanding Window
2018-12-01,3.0363420693001686,3.2654268822814063,3.2023460706426476,Huber,Wage,wage_target_3,3,Expanding Window
2019-01-01,2.8891422100871367,3.157679127875785,3.2023460706426476,Huber,Wage,wage_target_3,3,Expanding Window
2019-08-01,2.832873030516403,3.1342596255449404,3.2023460706426476,Huber,Wage,wage_target_3,3,Expanding Window
2020-12-01,1.601603741352875,2.9772320480718326,3.2023460706426476,Huber,Wage,wage_target_3,3,Expanding Window
2021-01-01,3.8570539919943414,2.30977810298604,3.2023460706426476,Huber,Wage,wage_target_3,3,Expanding Window
2021-02-01,4.763536283222614,2.7860426806451613,3.2023460706426476,Huber,Wage,wage_target_3,3,Expanding Window
2021-03-01,6.73616711809899,3.016840105808801,3.2023460706426476,Huber,Wage,wage_target_3,3,Expanding Window
2021-04-01,5.781966639629843,3.431386680529795,3.2023460706426476,Huber,Wage,wage_target_3,3,Expanding Window
2021-05-01,4.8374506885839,3.323670507930587,3.2023460706426476,Huber,Wage,wage_target_3,3,Expanding Window
2021-09-01,5.259014346055935,3.490439895171971,3.2023460706426476,Huber,Wage,wage_target_3,3,Expanding Window
2022-08-01,4.658342565893037,3.636565992488826,3.2023460706426476,Huber,Wage,wage_target_3,3,Expanding Window
2023-01-01,4.936104776010097,3.799746295548782,3.2023460706426476,Huber,Wage,wage_target_3,3,Expanding Window
2023-04-01,4.994119570510769,4.034927774154749,3.2023460706426476,Huber,Wage,wage_target_3,3,Expanding Window
2023-08-01,3.2912322032961683,3.546769957811999,3.2023460706426476,Huber,Wage,wage_target_3,3,Expanding Window
2023-09-01,3.2796669822900526,3.654703332378663,3.2023460706426476,Huber,Wage,wage_target_3,3,Expanding Window
2023-10-01,4.551471427063625,3.603804338395075,3.2023460706426476,Huber,Wage,wage_target_3,3,Expanding Window
2024-03-01,4.13440373226468,3.719196287400444,3.2023460706426476,Huber,Wage,wage_target_3,3,Expanding Window
2024-06-01,3.752692769990595,3.53539488770382,3.2023460706426476,Huber,Wage,wage_target_3,3,Expanding Window
2018-12-01,3.0363420693001686,3.1182265960488884,3.2023460706426476,RandomForest,Wage,wage_target_3,3,Expanding Window
2019-01-01,2.8891422100871367,3.1106595219171895,3.2023460706426476,RandomForest,Wage,wage_target_3,3,Expanding Window
2019-08-01,2.832873030516403,3.1066826374416068,3.2023460706426476,RandomForest,Wage,wage_target_3,3,Expanding Window
2020-12-01,1.601603741352875,2.116525919638903,3.2023460706426476,RandomForest,Wage,wage_target_3,3,Expanding Window
2021-01-01,3.8570539919943414,2.0333076969288886,3.2023460706426476,RandomForest,Wage,wage_target_3,3,Expanding Window
2021-02-01,4.763536283222614,2.113640511680251,3.2023460706426476,RandomForest,Wage,wage_target_3,3,Expanding Window
2021-03-01,6.73616711809899,2.113640511680251,3.2023460706426476,RandomForest,Wage,wage_target_3,3,Expanding Window
2021-04-01,5.781966639629843,2.1158576744033737,3.2023460706426476,RandomForest,Wage,wage_target_3,3,Expanding Window
2021-05-01,4.8374506885839,2.1158576744033737,3.2023460706426476,RandomForest,Wage,wage_target_3,3,Expanding Window
2021-09-01,5.259014346055935,2.1158576744033737,3.2023460706426476,RandomForest,Wage,wage_target_3,3,Expanding Window
2022-08-01,4.658342565893037,3.1409327166709033,3.2023460706426476,RandomForest,Wage,wage_target_3,3,Expanding Window
2023-01-01,4.936104776010097,3.1471356191719067,3.2023460706426476,RandomForest,Wage,wage_target_3,3,Expanding Window
2023-04-01,4.994119570510769,3.1277183242377347,3.2023460706426476,RandomForest,Wage,wage_target_3,3,Expanding Window
2023-08-01,3.2912322032961683,2.9544410190405843,3.2023460706426476,RandomForest,Wage,wage_target_3,3,Expanding Window
2023-09-01,3.2796669822900526,3.1652057286312902,3.2023460706426476,RandomForest,Wage,wage_target_3,3,Expanding Window
2023-10-01,4.551471427063625,3.137902373034521,3.2023460706426476,RandomForest,Wage,wage_target_3,3,Expanding Window
2024-03-01,4.13440373226468,3.293414016321279,3.2023460706426476,RandomForest,Wage,wage_target_3,3,Expanding Window
2024-06-01,3.752692769990595,3.293414016321279,3.2023460706426476,RandomForest,Wage,wage_target_3,3,Expanding Window
2018-12-01,3.0363420693001686,3.1035539860535284,3.2023460706426476,GradientBoosting,Wage,wage_target_3,3,Expanding Window
2019-01-01,2.8891422100871367,3.1970984427878153,3.2023460706426476,GradientBoosting,Wage,wage_target_3,3,Expanding Window
2019-08-01,2.832873030516403,3.1970984427878153,3.2023460706426476,GradientBoosting,Wage,wage_target_3,3,Expanding Window
2020-12-01,1.601603741352875,2.4317916009072253,3.2023460706426476,GradientBoosting,Wage,wage_target_3,3,Expanding Window
2021-01-01,3.8570539919943414,2.062319070958375,3.2023460706426476,GradientBoosting,Wage,wage_target_3,3,Expanding Window
2021-02-01,4.763536283222614,2.27347196549063,3.2023460706426476,GradientBoosting,Wage,wage_target_3,3,Expanding Window
2021-03-01,6.73616711809899,2.1389738773897617,3.2023460706426476,GradientBoosting,Wage,wage_target_3,3,Expanding Window
2021-04-01,5.781966639629843,2.2427185483547443,3.2023460706426476,GradientBoosting,Wage,wage_target_3,3,Expanding Window
2021-05-01,4.8374506885839,2.235455863640672,3.2023460706426476,GradientBoosting,Wage,wage_target_3,3,Expanding Window
2021-09-01,5.259014346055935,2.5332286506286614,3.2023460706426476,GradientBoosting,Wage,wage_target_3,3,Expanding Window
2022-08-01,4.658342565893037,3.39827141413317,3.2023460706426476,GradientBoosting,Wage,wage_target_3,3,Expanding Window
2023-01-01,4.936104776010097,3.242238586090029,3.2023460706426476,GradientBoosting,Wage,wage_target_3,3,Expanding Window
2023-04-01,4.994119570510769,3.3738819462422875,3.2023460706426476,GradientBoosting,Wage,wage_target_3,3,Expanding Window
2023-08-01,3.2912322032961683,4.022639480250465,3.2023460706426476,GradientBoosting,Wage,wage_target_3,3,Expanding Window
2023-09-01,3.2796669822900526,4.159279454705876,3.2023460706426476,GradientBoosting,Wage,wage_target_3,3,Expanding Window
2023-10-01,4.551471427063625,4.159279454705876,3.2023460706426476,GradientBoosting,Wage,wage_target_3,3,Expanding Window
2024-03-01,4.13440373226468,4.354098870306808,3.2023460706426476,GradientBoosting,Wage,wage_target_3,3,Expanding Window
2024-06-01,3.752692769990595,4.269718476690696,3.2023460706426476,GradientBoosting,Wage,wage_target_3,3,Expanding Window
2016-01-01,2.506887502120314,2.5969280858655353,2.5969280858655353,Persistence,Wage,wage_target_6,6,Expanding Window
2016-05-01,2.486434510959068,2.5969280858655353,2.5969280858655353,Persistence,Wage,wage_target_6,6,Expanding Window
2016-06-01,2.405460616396926,2.5969280858655353,2.5969280858655353,Persistence,Wage,wage_target_6,6,Expanding Window
2016-09-01,2.621471609352799,2.5969280858655353,2.5969280858655353,Persistence,Wage,wage_target_6,6,Expanding Window
2017-03-01,2.8897841145881564,2.5969280858655353,2.5969280858655353,Persistence,Wage,wage_target_6,6,Expanding Window
2017-05-01,2.502402313749297,2.5969280858655353,2.5969280858655353,Persistence,Wage,wage_target_6,6,Expanding Window
2017-06-01,2.7983061902381756,2.5969280858655353,2.5969280858655353,Persistence,Wage,wage_target_6,6,Expanding Window
2017-09-01,2.6997035341790543,2.5969280858655353,2.5969280858655353,Persistence,Wage,wage_target_6,6,Expanding Window
2017-10-01,3.0706463493276104,2.5969280858655353,2.5969280858655353,Persistence,Wage,wage_target_6,6,Expanding Window
2017-12-01,2.9817920925030883,2.5969280858655353,2.5969280858655353,Persistence,Wage,wage_target_6,6,Expanding Window
2018-04-01,3.3899116627546633,2.5969280858655353,2.5969280858655353,Persistence,Wage,wage_target_6,6,Expanding Window
2018-05-01,3.3811904156149097,2.5969280858655353,2.5969280858655353,Persistence,Wage,wage_target_6,6,Expanding Window
2018-07-01,3.5839320687078846,2.5969280858655353,2.5969280858655353,Persistence,Wage,wage_target_6,6,Expanding Window
2018-11-01,3.18155660692776,2.5969280858655353,2.5969280858655353,Persistence,Wage,wage_target_6,6,Expanding Window
2018-12-01,2.9534122136821495,2.5969280858655353,2.5969280858655353,Persistence,Wage,wage_target_6,6,Expanding Window
2016-01-01,2.506887502120314,2.4039012019849304,2.5969280858655353,AR,Wage,wage_target_6,6,Expanding Window
2016-05-01,2.486434510959068,2.3354080387915337,2.5969280858655353,AR,Wage,wage_target_6,6,Expanding Window
2016-06-01,2.405460616396926,2.6004258257771338,2.5969280858655353,AR,Wage,wage_target_6,6,Expanding Window
2016-09-01,2.621471609352799,2.265347825085889,2.5969280858655353,AR,Wage,wage_target_6,6,Expanding Window
2017-03-01,2.8897841145881564,2.4580812194518886,2.5969280858655353,AR,Wage,wage_target_6,6,Expanding Window
2017-05-01,2.502402313749297,2.608849364172422,2.5969280858655353,AR,Wage,wage_target_6,6,Expanding Window
2017-06-01,2.7983061902381756,2.2869368322052384,2.5969280858655353,AR,Wage,wage_target_6,6,Expanding Window
2017-09-01,2.6997035341790543,2.5381884027944834,2.5969280858655353,AR,Wage,wage_target_6,6,Expanding Window
2017-10-01,3.0706463493276104,2.5367184368551996,2.5969280858655353,AR,Wage,wage_target_6,6,Expanding Window
2017-12-01,2.9817920925030883,2.735421396104475,2.5969280858655353,AR,Wage,wage_target_6,6,Expanding Window
2018-04-01,3.3899116627546633,3.025254103698621,2.5969280858655353,AR,Wage,wage_target_6,6,Expanding Window
2018-05-01,3.3811904156149097,3.0153491389730442,2.5969280858655353,AR,Wage,wage_target_6,6,Expanding Window
2018-07-01,3.5839320687078846,2.952748100770318,2.5969280858655353,AR,Wage,wage_target_6,6,Expanding Window
2018-11-01,3.18155660692776,2.8731519655642885,2.5969280858655353,AR,Wage,wage_target_6,6,Expanding Window
2018-12-01,2.9534122136821495,2.7179941914005834,2.5969280858655353,AR,Wage,wage_target_6,6,Expanding Window
2016-01-01,2.506887502120314,2.566629415622726,2.5969280858655353,OLS,Wage,wage_target_6,6,Expanding Window
2016-05-01,2.486434510959068,2.509998375150536,2.5969280858655353,OLS,Wage,wage_target_6,6,Expanding Window
2016-06-01,2.405460616396926,2.660883005507915,2.5969280858655353,OLS,Wage,wage_target_6,6,Expanding Window
2016-09-01,2.621471609352799,2.460097679271997,2.5969280858655353,OLS,Wage,wage_target_6,6,Expanding Window
2017-03-01,2.8897841145881564,2.6361766020882405,2.5969280858655353,OLS,Wage,wage_target_6,6,Expanding Window
2017-05-01,2.502402313749297,2.737886500176793,2.5969280858655353,OLS,Wage,wage_target_6,6,Expanding Window
2017-06-01,2.7983061902381756,2.5905700154195803,2.5969280858655353,OLS,Wage,wage_target_6,6,Expanding Window
2017-09-01,2.6997035341790543,2.7485901308349154,2.5969280858655353,OLS,Wage,wage_target_6,6,Expanding Window
2017-10-01,3.0706463493276104,2.7601430861796565,2.5969280858655353,OLS,Wage,wage_target_6,6,Expanding Window
2017-12-01,2.9817920925030883,2.8878846535595457,2.5969280858655353,OLS,Wage,wage_target_6,6,Expanding Window
2018-04-01,3.3899116627546633,3.124131767950347,2.5969280858655353,OLS,Wage,wage_target_6,6,Expanding Window
2018-05-01,3.3811904156149097,3.1406834695550123,2.5969280858655353,OLS,Wage,wage_target_6,6,Expanding Window
2018-07-01,3.5839320687078846,3.1269465676002066,2.5969280858655353,OLS,Wage,wage_target_6,6,Expanding Window
2018-11-01,3.18155660692776,3.1244526359744,2.5969280858655353,OLS,Wage,wage_target_6,6,Expanding Window
2018-12-01,2.9534122136821495,3.0185759227163587,2.5969280858655353,OLS,Wage,wage_target_6,6,Expanding Window
2016-01-01,2.506887502120314,2.560071406324256,2.5969280858655353,Ridge,Wage,wage_target_6,6,Expanding Window
2016-05-01,2.486434510959068,2.5047653024449232,2.5969280858655353,Ridge,Wage,wage_target_6,6,Expanding Window
2016-06-01,2.405460616396926,2.6526293453114436,2.5969280858655353,Ridge,Wage,wage_target_6,6,Expanding Window
2016-09-01,2.621471609352799,2.45606266528904,2.5969280858655353,Ridge,Wage,wage_target_6,6,Expanding Window
2017-03-01,2.8897841145881564,2.629976988639891,2.5969280858655353,Ridge,Wage,wage_target_6,6,Expanding Window
2017-05-01,2.502402313749297,2.7299808859280557,2.5969280858655353,Ridge,Wage,wage_target_6,6,Expanding Window
2017-06-01,2.7983061902381756,2.5861537505139913,2.5969280858655353,Ridge,Wage,wage_target_6,6,Expanding Window
2017-09-01,2.6997035341790543,2.7412763429385634,2.5969280858655353,Ridge,Wage,wage_target_6,6,Expanding Window
2017-10-01,3.0706463493276104,2.7527241351648133,2.5969280858655353,Ridge,Wage,wage_target_6,6,Expanding Window
2017-12-01,2.9817920925030883,2.878228907955049,2.5969280858655353,Ridge,Wage,wage_target_6,6,Expanding Window
2018-04-01,3.3899116627546633,3.1109222488835337,2.5969280858655353,Ridge,Wage,wage_target_6,6,Expanding Window
2018-05-01,3.3811904156149097,3.1273158555977436,2.5969280858655353,Ridge,Wage,wage_target_6,6,Expanding Window
2018-07-01,3.5839320687078846,3.114378174515095,2.5969280858655353,Ridge,Wage,wage_target_6,6,Expanding Window
2018-11-01,3.18155660692776,3.1126965153645765,2.5969280858655353,Ridge,Wage,wage_target_6,6,Expanding Window
2018-12-01,2.9534122136821495,3.008840194228502,2.5969280858655353,Ridge,Wage,wage_target_6,6,Expanding Window
2016-01-01,2.506887502120314,2.542710333949281,2.5969280858655353,ElasticNet,Wage,wage_target_6,6,Expanding Window
2016-05-01,2.486434510959068,2.4911969827676956,2.5969280858655353,ElasticNet,Wage,wage_target_6,6,Expanding Window
2016-06-01,2.405460616396926,2.6384060466615886,2.5969280858655353,ElasticNet,Wage,wage_target_6,6,Expanding Window
2016-09-01,2.621471609352799,2.445364939598296,2.5969280858655353,ElasticNet,Wage,wage_target_6,6,Expanding Window
2017-03-01,2.8897841145881564,2.616601804604603,2.5969280858655353,ElasticNet,Wage,wage_target_6,6,Expanding Window
2017-05-01,2.502402313749297,2.715339748567251,2.5969280858655353,ElasticNet,Wage,wage_target_6,6,Expanding Window
2017-06-01,2.7983061902381756,2.570348056775516,2.5969280858655353,ElasticNet,Wage,wage_target_6,6,Expanding Window
2017-09-01,2.6997035341790543,2.723688529080547,2.5969280858655353,ElasticNet,Wage,wage_target_6,6,Expanding Window
2017-10-01,3.0706463493276104,2.734759036777124,2.5969280858655353,ElasticNet,Wage,wage_target_6,6,Expanding Window
2017-12-01,2.9817920925030883,2.8584368955847896,2.5969280858655353,ElasticNet,Wage,wage_target_6,6,Expanding Window
2018-04-01,3.3899116627546633,3.085806173247571,2.5969280858655353,ElasticNet,Wage,wage_target_6,6,Expanding Window
2018-05-01,3.3811904156149097,3.100833585578475,2.5969280858655353,ElasticNet,Wage,wage_target_6,6,Expanding Window
2018-07-01,3.5839320687078846,3.0865051470901497,2.5969280858655353,ElasticNet,Wage,wage_target_6,6,Expanding Window
2018-11-01,3.18155660692776,3.081617216989306,2.5969280858655353,ElasticNet,Wage,wage_target_6,6,Expanding Window
2018-12-01,2.9534122136821495,2.978090086091809,2.5969280858655353,ElasticNet,Wage,wage_target_6,6,Expanding Window
2016-01-01,2.506887502120314,2.6096292223799744,2.5969280858655353,Huber,Wage,wage_target_6,6,Expanding Window
2016-05-01,2.486434510959068,2.5495886208635707,2.5969280858655353,Huber,Wage,wage_target_6,6,Expanding Window
2016-06-01,2.405460616396926,2.649045898634789,2.5969280858655353,Huber,Wage,wage_target_6,6,Expanding Window
2016-09-01,2.621471609352799,2.500647033087758,2.5969280858655353,Huber,Wage,wage_target_6,6,Expanding Window
2017-03-01,2.8897841145881564,2.6490121735855836,2.5969280858655353,Huber,Wage,wage_target_6,6,Expanding Window
2017-05-01,2.502402313749297,2.725977340231914,2.5969280858655353,Huber,Wage,wage_target_6,6,Expanding Window
2017-06-01,2.7983061902381756,2.649551146262171,2.5969280858655353,Huber,Wage,wage_target_6,6,Expanding Window
2017-09-01,2.6997035341790543,2.764637240907579,2.5969280858655353,Huber,Wage,wage_target_6,6,Expanding Window
2017-10-01,3.0706463493276104,2.777230066271553,2.5969280858655353,Huber,Wage,wage_target_6,6,Expanding Window
2017-12-01,2.9817920925030883,2.8737072544815945,2.5969280858655353,Huber,Wage,wage_target_6,6,Expanding Window
2018-04-01,3.3899116627546633,3.0753934719719647,2.5969280858655353,Huber,Wage,wage_target_6,6,Expanding Window
2018-05-01,3.3811904156149097,3.099035108994723,2.5969280858655353,Huber,Wage,wage_target_6,6,Expanding Window
2018-07-01,3.5839320687078846,3.105986505869497,2.5969280858655353,Huber,Wage,wage_target_6,6,Expanding Window
2018-11-01,3.18155660692776,3.136085657449919,2.5969280858655353,Huber,Wage,wage_target_6,6,Expanding Window
2018-12-01,2.9534122136821495,3.063292771924239,2.5969280858655353,Huber,Wage,wage_target_6,6,Expanding Window
2016-01-01,2.506887502120314,2.450472292289566,2.5969280858655353,RandomForest,Wage,wage_target_6,6,Expanding Window
2016-05-01,2.486434510959068,2.446346314324297,2.5969280858655353,RandomForest,Wage,wage_target_6,6,Expanding Window
2016-06-01,2.405460616396926,2.507188859728053,2.5969280858655353,RandomForest,Wage,wage_target_6,6,Expanding Window
2016-09-01,2.621471609352799,2.445786142756899,2.5969280858655353,RandomForest,Wage,wage_target_6,6,Expanding Window
2017-03-01,2.8897841145881564,2.4771362837836928,2.5969280858655353,RandomForest,Wage,wage_target_6,6,Expanding Window
2017-05-01,2.502402313749297,2.514351185313663,2.5969280858655353,RandomForest,Wage,wage_target_6,6,Expanding Window
2017-06-01,2.7983061902381756,2.4375952144456674,2.5969280858655353,RandomForest,Wage,wage_target_6,6,Expanding Window
2017-09-01,2.6997035341790543,2.727815523191561,2.5969280858655353,RandomForest,Wage,wage_target_6,6,Expanding Window
2017-10-01,3.0706463493276104,2.727815523191561,2.5969280858655353,RandomForest,Wage,wage_target_6,6,Expanding Window
2017-12-01,2.9817920925030883,2.7900422453204112,2.5969280858655353,RandomForest,Wage,wage_target_6,6,Expanding Window
2018-04-01,3.3899116627546633,3.021952078810188,2.5969280858655353,RandomForest,Wage,wage_target_6,6,Expanding Window
2018-05-01,3.3811904156149097,3.021952078810188,2.5969280858655353,RandomForest,Wage,wage_target_6,6,Expanding Window
2018-07-01,3.5839320687078846,3.021952078810188,2.5969280858655353,RandomForest,Wage,wage_target_6,6,Expanding Window
2018-11-01,3.18155660692776,3.0988681207366504,2.5969280858655353,RandomForest,Wage,wage_target_6,6,Expanding Window
2018-12-01,2.9534122136821495,2.9039510776993764,2.5969280858655353,RandomForest,Wage,wage_target_6,6,Expanding Window
2016-01-01,2.506887502120314,2.7295717878270738,2.5969280858655353,GradientBoosting,Wage,wage_target_6,6,Expanding Window
2016-05-01,2.486434510959068,2.572249809699272,2.5969280858655353,GradientBoosting,Wage,wage_target_6,6,Expanding Window
2016-06-01,2.405460616396926,2.6174713395877713,2.5969280858655353,GradientBoosting,Wage,wage_target_6,6,Expanding Window
2016-09-01,2.621471609352799,2.594504714747675,2.5969280858655353,GradientBoosting,Wage,wage_target_6,6,Expanding Window
2017-03-01,2.8897841145881564,2.487297607771115,2.5969280858655353,GradientBoosting,Wage,wage_target_6,6,Expanding Window
2017-05-01,2.502402313749297,2.5413517225100124,2.5969280858655353,GradientBoosting,Wage,wage_target_6,6,Expanding Window
2017-06-01,2.7983061902381756,2.505737672326733,2.5969280858655353,GradientBoosting,Wage,wage_target_6,6,Expanding Window
2017-09-01,2.6997035341790543,2.570291016713673,2.5969280858655353,GradientBoosting,Wage,wage_target_6,6,Expanding Window
2017-10-01,3.0706463493276104,2.4021830202354253,2.5969280858655353,GradientBoosting,Wage,wage_target_6,6,Expanding Window
2017-12-01,2.9817920925030883,2.3993638916620337,2.5969280858655353,GradientBoosting,Wage,wage_target_6,6,Expanding Window
2018-04-01,3.3899116627546633,2.627651883864186,2.5969280858655353,GradientBoosting,Wage,wage_target_6,6,Expanding Window
2018-05-01,3.3811904156149097,2.627651883864186,2.5969280858655353,GradientBoosting,Wage,wage_target_6,6,Expanding Window
2018-07-01,3.5839320687078846,2.8228365442436987,2.5969280858655353,GradientBoosting,Wage,wage_target_6,6,Expanding Window
2018-11-01,3.18155660692776,3.0205202869584347,2.5969280858655353,GradientBoosting,Wage,wage_target_6,6,Expanding Window
2018-12-01,2.9534122136821495,2.6677456807423634,2.5969280858655353,GradientBoosting,Wage,wage_target_6,6,Expanding Window
2019-01-01,3.164395389500463,2.9534122136821495,2.9534122136821495,Persistence,Wage,wage_target_6,6,Expanding Window
2019-06-01,2.910432903605642,2.9534122136821495,2.9534122136821495,Persistence,Wage,wage_target_6,6,Expanding Window
2019-08-01,2.8229120724894585,2.9534122136821495,2.9534122136821495,Persistence,Wage,wage_target_6,6,Expanding Window
2019-11-01,9.509197117404788,2.9534122136821495,2.9534122136821495,Persistence,Wage,wage_target_6,6,Expanding Window
2020-01-01,6.64191095358353,2.9534122136821495,2.9534122136821495,Persistence,Wage,wage_target_6,6,Expanding Window
2020-02-01,6.548922155698822,2.9534122136821495,2.9534122136821495,Persistence,Wage,wage_target_6,6,Expanding Window
2020-03-01,5.357463192730005,2.9534122136821495,2.9534122136821495,Persistence,Wage,wage_target_6,6,Expanding Window
2020-05-01,-0.5390838843344348,2.9534122136821495,2.9534122136821495,Persistence,Wage,wage_target_6,6,Expanding Window
2020-10-01,4.55173594827194,2.9534122136821495,2.9534122136821495,Persistence,Wage,wage_target_6,6,Expanding Window
2020-11-01,5.129340252277448,2.9534122136821495,2.9534122136821495,Persistence,Wage,wage_target_6,6,Expanding Window
2021-01-01,4.819510315812092,2.9534122136821495,2.9534122136821495,Persistence,Wage,wage_target_6,6,Expanding Window
2021-03-01,6.228990598696704,2.9534122136821495,2.9534122136821495,Persistence,Wage,wage_target_6,6,Expanding Window
2021-05-01,5.321533921142763,2.9534122136821495,2.9534122136821495,Persistence,Wage,wage_target_6,6,Expanding Window
2021-06-01,5.4904142126751765,2.9534122136821495,2.9534122136821495,Persistence,Wage,wage_target_6,6,Expanding Window
2021-09-01,5.224890959481687,2.9534122136821495,2.9534122136821495,Persistence,Wage,wage_target_6,6,Expanding Window
2019-01-01,3.164395389500463,2.9314724049656684,2.9534122136821495,AR,Wage,wage_target_6,6,Expanding Window
2019-06-01,2.910432903605642,2.9556586770639504,2.9534122136821495,AR,Wage,wage_target_6,6,Expanding Window
2019-08-01,2.8229120724894585,2.7204663110364495,2.9534122136821495,AR,Wage,wage_target_6,6,Expanding Window
2019-11-01,9.509197117404788,3.574561921242893,2.9534122136821495,AR,Wage,wage_target_6,6,Expanding Window
2020-01-01,6.64191095358353,7.856053662686804,2.9534122136821495,AR,Wage,wage_target_6,6,Expanding Window
2020-02-01,6.548922155698822,5.845563730819921,2.9534122136821495,AR,Wage,wage_target_6,6,Expanding Window
2020-03-01,5.357463192730005,5.624545143911484,2.9534122136821495,AR,Wage,wage_target_6,6,Expanding Window
2020-05-01,-0.5390838843344348,4.624904383797523,2.9534122136821495,AR,Wage,wage_target_6,6,Expanding Window
2020-10-01,4.55173594827194,3.38343504589554,2.9534122136821495,AR,Wage,wage_target_6,6,Expanding Window
2020-11-01,5.129340252277448,3.1742770828021665,2.9534122136821495,AR,Wage,wage_target_6,6,Expanding Window
2021-01-01,4.819510315812092,4.447364279370161,2.9534122136821495,AR,Wage,wage_target_6,6,Expanding Window
2021-03-01,6.228990598696704,4.206234478195158,2.9534122136821495,AR,Wage,wage_target_6,6,Expanding Window
2021-05-01,5.321533921142763,5.303183676356507,2.9534122136821495,AR,Wage,wage_target_6,6,Expanding Window
2021-06-01,5.4904142126751765,5.12328873966903,2.9534122136821495,AR,Wage,wage_target_6,6,Expanding Window
2021-09-01,5.224890959481687,5.155826068109885,2.9534122136821495,AR,Wage,wage_target_6,6,Expanding Window
2019-01-01,3.164395389500463,3.1483237361516236,2.9534122136821495,OLS,Wage,wage_target_6,6,Expanding Window
2019-06-01,2.910432903605642,3.1790346491149104,2.9534122136821495,OLS,Wage,wage_target_6,6,Expanding Window
2019-08-01,2.8229120724894585,3.029658546181096,2.9534122136821495,OLS,Wage,wage_target_6,6,Expanding Window
2019-11-01,9.509197117404788,3.469797095786139,2.9534122136821495,OLS,Wage,wage_target_6,6,Expanding Window
2020-01-01,6.64191095358353,5.911402753638807,2.9534122136821495,OLS,Wage,wage_target_6,6,Expanding Window
2020-02-01,6.548922155698822,4.771712587420116,2.9534122136821495,OLS,Wage,wage_target_6,6,Expanding Window
2020-03-01,5.357463192730005,4.434376819432239,2.9534122136821495,OLS,Wage,wage_target_6,6,Expanding Window
2020-05-01,-0.5390838843344348,3.394822871359811,2.9534122136821495,OLS,Wage,wage_target_6,6,Expanding Window
2020-10-01,4.55173594827194,3.021406573161251,2.9534122136821495,OLS,Wage,wage_target_6,6,Expanding Window
2020-11-01,5.129340252277448,2.918292914953642,2.9534122136821495,OLS,Wage,wage_target_6,6,Expanding Window
2021-01-01,4.819510315812092,3.6765722412600006,2.9534122136821495,OLS,Wage,wage_target_6,6,Expanding Window
2021-03-01,6.228990598696704,3.6254392157937003,2.9534122136821495,OLS,Wage,wage_target_6,6,Expanding Window
2021-05-01,5.321533921142763,4.330490936103622,2.9534122136821495,OLS,Wage,wage_target_6,6,Expanding Window
2021-06-01,5.4904142126751765,4.234684380498623,2.9534122136821495,OLS,Wage,wage_target_6,6,Expanding Window
2021-09-01,5.224890959481687,4.358841866758642,2.9534122136821495,OLS,Wage,wage_target_6,6,Expanding Window
2019-01-01,3.164395389500463,3.1413867387641763,2.9534122136821495,Ridge,Wage,wage_target_6,6,Expanding Window
2019-06-01,2.910432903605642,3.1718545219350727,2.9534122136821495,Ridge,Wage,wage_target_6,6,Expanding Window
2019-08-01,2.8229120724894585,3.0238792822072735,2.9534122136821495,Ridge,Wage,wage_target_6,6,Expanding Window
2019-11-01,9.509197117404788,3.457959066466259,2.9534122136821495,Ridge,Wage,wage_target_6,6,Expanding Window
2020-01-01,6.64191095358353,5.870195963977894,2.9534122136821495,Ridge,Wage,wage_target_6,6,Expanding Window
2020-02-01,6.548922155698822,4.744198175890078,2.9534122136821495,Ridge,Wage,wage_target_6,6,Expanding Window
2020-03-01,5.357463192730005,4.407783629228776,2.9534122136821495,Ridge,Wage,wage_target_6,6,Expanding Window
2020-05-01,-0.5390838843344348,3.3806906492592987,2.9534122136821495,Ridge,Wage,wage_target_6,6,Expanding Window
2020-10-01,4.55173594827194,3.0126138272265237,2.9534122136821495,Ridge,Wage,wage_target_6,6,Expanding Window
2020-11-01,5.129340252277448,2.9109948385030906,2.9534122136821495,Ridge,Wage,wage_target_6,6,Expanding Window
2021-01-01,4.819510315812092,3.6604198626537325,2.9534122136821495,Ridge,Wage,wage_target_6,6,Expanding Window
2021-03-01,6.228990598696704,3.6098984967542815,2.9534122136821495,Ridge,Wage,wage_target_6,6,Expanding Window
2021-05-01,5.321533921142763,4.306410121649761,2.9534122136821495,Ridge,Wage,wage_target_6,6,Expanding Window
2021-06-01,5.4904142126751765,4.211867631445771,2.9534122136821495,Ridge,Wage,wage_target_6,6,Expanding Window
2021-09-01,5.224890959481687,4.334434881261452,2.9534122136821495,Ridge,Wage,wage_target_6,6,Expanding Window
2019-01-01,3.164395389500463,3.119447713104039,2.9534122136821495,ElasticNet,Wage,wage_target_6,6,Expanding Window
2019-06-01,2.910432903605642,3.1487455063667555,2.9534122136821495,ElasticNet,Wage,wage_target_6,6,Expanding Window
2019-08-01,2.8229120724894585,3.0054936834638832,2.9534122136821495,ElasticNet,Wage,wage_target_6,6,Expanding Window
2019-11-01,9.509197117404788,3.428671403763843,2.9534122136821495,ElasticNet,Wage,wage_target_6,6,Expanding Window
2020-01-01,6.64191095358353,5.774705062833969,2.9534122136821495,ElasticNet,Wage,wage_target_6,6,Expanding Window
2020-02-01,6.548922155698822,4.679749542056189,2.9534122136821495,ElasticNet,Wage,wage_target_6,6,Expanding Window
2020-03-01,5.357463192730005,4.359290927339618,2.9534122136821495,ElasticNet,Wage,wage_target_6,6,Expanding Window
2020-05-01,-0.5390838843344348,3.357026813497245,2.9534122136821495,ElasticNet,Wage,wage_target_6,6,Expanding Window
2020-10-01,4.55173594827194,2.998254103432982,2.9534122136821495,ElasticNet,Wage,wage_target_6,6,Expanding Window
2020-11-01,5.129340252277448,2.898734817865059,2.9534122136821495,ElasticNet,Wage,wage_target_6,6,Expanding Window
2021-01-01,4.819510315812092,3.6269475303588097,2.9534122136821495,ElasticNet,Wage,wage_target_6,6,Expanding Window
2021-03-01,6.228990598696704,3.57822491890905,2.9534122136821495,ElasticNet,Wage,wage_target_6,6,Expanding Window
2021-05-01,5.321533921142763,4.2561864885660246,2.9534122136821495,ElasticNet,Wage,wage_target_6,6,Expanding Window
2021-06-01,5.4904142126751765,4.163971424030963,2.9534122136821495,ElasticNet,Wage,wage_target_6,6,Expanding Window
2021-09-01,5.224890959481687,4.284004851580816,2.9534122136821495,ElasticNet,Wage,wage_target_6,6,Expanding Window
2019-01-01,3.164395389500463,3.1893973246031067,2.9534122136821495,Huber,Wage,wage_target_6,6,Expanding Window
2019-06-01,2.910432903605642,3.2166996541632407,2.9534122136821495,Huber,Wage,wage_target_6,6,Expanding Window
2019-08-01,2.8229120724894585,3.082628785554892,2.9534122136821495,Huber,Wage,wage_target_6,6,Expanding Window
2019-11-01,9.509197117404788,3.4186672402689418,2.9534122136821495,Huber,Wage,wage_target_6,6,Expanding Window
2020-01-01,6.64191095358353,5.4428280940816505,2.9534122136821495,Huber,Wage,wage_target_6,6,Expanding Window
2020-02-01,6.548922155698822,4.501395281808012,2.9534122136821495,Huber,Wage,wage_target_6,6,Expanding Window
2020-03-01,5.357463192730005,4.1652569385284535,2.9534122136821495,Huber,Wage,wage_target_6,6,Expanding Window
2020-05-01,-0.5390838843344348,3.1526229793636533,2.9534122136821495,Huber,Wage,wage_target_6,6,Expanding Window
2020-10-01,4.55173594827194,2.9216875329296,2.9534122136821495,Huber,Wage,wage_target_6,6,Expanding Window
2020-11-01,5.129340252277448,2.8370496197379067,2.9534122136821495,Huber,Wage,wage_target_6,6,Expanding Window
2021-01-01,4.819510315812092,3.4706131275790595,2.9534122136821495,Huber,Wage,wage_target_6,6,Expanding Window
2021-03-01,6.228990598696704,3.4501096678045067,2.9534122136821495,Huber,Wage,wage_target_6,6,Expanding Window
2021-05-01,5.321533921142763,4.055904151396819,2.9534122136821495,Huber,Wage,wage_target_6,6,Expanding Window
2021-06-01,5.4904142126751765,3.9776889374181312,2.9534122136821495,Huber,Wage,wage_target_6,6,Expanding Window
2021-09-01,5.224890959481687,4.109749040986458,2.9534122136821495,Huber,Wage,wage_target_6,6,Expanding Window
2019-01-01,3.164395389500463,3.2711702500060365,2.9534122136821495,RandomForest,Wage,wage_target_6,6,Expanding Window
2019-06-01,2.910432903605642,3.2804713134514314,2.9534122136821495,RandomForest,Wage,wage_target_6,6,Expanding Window
2019-08-01,2.8229120724894585,2.832031700055114,2.9534122136821495,RandomForest,Wage,wage_target_6,6,Expanding Window
2019-11-01,9.509197117404788,3.3278762473593333,2.9534122136821495,RandomForest,Wage,wage_target_6,6,Expanding Window
2020-01-01,6.64191095358353,3.330247276761252,2.9534122136821495,RandomForest,Wage,wage_target_6,6,Expanding Window
2020-02-01,6.548922155698822,3.3278762473593333,2.9534122136821495,RandomForest,Wage,wage_target_6,6,Expanding Window
2020-03-01,5.357463192730005,3.181546668909623,2.9534122136821495,RandomForest,Wage,wage_target_6,6,Expanding Window
2020-05-01,-0.5390838843344348,1.9988059623520849,2.9534122136821495,RandomForest,Wage,wage_target_6,6,Expanding Window
2020-10-01,4.55173594827194,2.626173878758761,2.9534122136821495,RandomForest,Wage,wage_target_6,6,Expanding Window
2020-11-01,5.129340252277448,2.630083904817974,2.9534122136821495,RandomForest,Wage,wage_target_6,6,Expanding Window
2021-01-01,4.819510315812092,2.6311533805047493,2.9534122136821495,RandomForest,Wage,wage_target_6,6,Expanding Window
2021-03-01,6.228990598696704,2.6378962491216895,2.9534122136821495,RandomForest,Wage,wage_target_6,6,Expanding Window
2021-05-01,5.321533921142763,2.640297850143968,2.9534122136821495,RandomForest,Wage,wage_target_6,6,Expanding Window
2021-06-01,5.4904142126751765,2.640297850143968,2.9534122136821495,RandomForest,Wage,wage_target_6,6,Expanding Window
2021-09-01,5.224890959481687,2.640297850143968,2.9534122136821495,RandomForest,Wage,wage_target_6,6,Expanding Window
2019-01-01,3.164395389500463,3.3438937745909048,2.9534122136821495,GradientBoosting,Wage,wage_target_6,6,Expanding Window
2019-06-01,2.910432903605642,3.339151612167433,2.9534122136821495,GradientBoosting,Wage,wage_target_6,6,Expanding Window
2019-08-01,2.8229120724894585,2.904722821600978,2.9534122136821495,GradientBoosting,Wage,wage_target_6,6,Expanding Window
2019-11-01,9.509197117404788,3.2535492847695378,2.9534122136821495,GradientBoosting,Wage,wage_target_6,6,Expanding Window
2020-01-01,6.64191095358353,3.233636981971579,2.9534122136821495,GradientBoosting,Wage,wage_target_6,6,Expanding Window
2020-02-01,6.548922155698822,3.2326792769372905,2.9534122136821495,GradientBoosting,Wage,wage_target_6,6,Expanding Window
2020-03-01,5.357463192730005,3.1015272456058485,2.9534122136821495,GradientBoosting,Wage,wage_target_6,6,Expanding Window
2020-05-01,-0.5390838843344348,1.7521550931465197,2.9534122136821495,GradientBoosting,Wage,wage_target_6,6,Expanding Window
2020-10-01,4.55173594827194,2.7409242752344807,2.9534122136821495,GradientBoosting,Wage,wage_target_6,6,Expanding Window
2020-11-01,5.129340252277448,2.7593853748374917,2.9534122136821495,GradientBoosting,Wage,wage_target_6,6,Expanding Window
2021-01-01,4.819510315812092,2.6204559208309837,2.9534122136821495,GradientBoosting,Wage,wage_target_6,6,Expanding Window
2021-03-01,6.228990598696704,2.4126404617731008,2.9534122136821495,GradientBoosting,Wage,wage_target_6,6,Expanding Window
2021-05-01,5.321533921142763,2.38705275121398,2.9534122136821495,GradientBoosting,Wage,wage_target_6,6,Expanding Window
2021-06-01,5.4904142126751765,2.5761533316549263,2.9534122136821495,GradientBoosting,Wage,wage_target_6,6,Expanding Window
2021-09-01,5.224890959481687,2.5636891044693786,2.9534122136821495,GradientBoosting,Wage,wage_target_6,6,Expanding Window
2021-11-01,5.495371768196655,5.224890959481687,5.224890959481687,Persistence,Wage,wage_target_6,6,Expanding Window
2022-05-01,4.436411105194882,5.224890959481687,5.224890959481687,Persistence,Wage,wage_target_6,6,Expanding Window
2022-07-01,4.161716868604248,5.224890959481687,5.224890959481687,Persistence,Wage,wage_target_6,6,Expanding Window
2022-09-01,4.2528941484486715,5.224890959481687,5.224890959481687,Persistence,Wage,wage_target_6,6,Expanding Window
2022-11-01,4.101470633815207,5.224890959481687,5.224890959481687,Persistence,Wage,wage_target_6,6,Expanding Window
2022-12-01,4.502666533793498,5.224890959481687,5.224890959481687,Persistence,Wage,wage_target_6,6,Expanding Window
2023-02-01,4.415453797417701,5.224890959481687,5.224890959481687,Persistence,Wage,wage_target_6,6,Expanding Window
2023-07-01,3.6300762340979458,5.224890959481687,5.224890959481687,Persistence,Wage,wage_target_6,6,Expanding Window
2023-11-01,4.170437814296424,5.224890959481687,5.224890959481687,Persistence,Wage,wage_target_6,6,Expanding Window
2023-12-01,4.155993698349025,5.224890959481687,5.224890959481687,Persistence,Wage,wage_target_6,6,Expanding Window
2024-03-01,3.9435482511276376,5.224890959481687,5.224890959481687,Persistence,Wage,wage_target_6,6,Expanding Window
2024-05-01,4.029076531860465,5.224890959481687,5.224890959481687,Persistence,Wage,wage_target_6,6,Expanding Window
2024-07-01,4.286684120549467,5.224890959481687,5.224890959481687,Persistence,Wage,wage_target_6,6,Expanding Window
2025-03-01,3.241383954231658,5.224890959481687,5.224890959481687,Persistence,Wage,wage_target_6,6,Expanding Window
2025-08-01,3.626130988872944,5.224890959481687,5.224890959481687,Persistence,Wage,wage_target_6,6,Expanding Window
2021-11-01,5.495371768196655,4.535296964452436,5.224890959481687,AR,Wage,wage_target_6,6,Expanding Window
2022-05-01,4.436411105194882,4.206229183683438,5.224890959481687,AR,Wage,wage_target_6,6,Expanding Window
2022-07-01,4.161716868604248,3.945373060675151,5.224890959481687,AR,Wage,wage_target_6,6,Expanding Window
2022-09-01,4.2528941484486715,3.7398526589633745,5.224890959481687,AR,Wage,wage_target_6,6,Expanding Window
2022-11-01,4.101470633815207,3.8080695659257824,5.224890959481687,AR,Wage,wage_target_6,6,Expanding Window
2022-12-01,4.502666533793498,3.9298957857286236,5.224890959481687,AR,Wage,wage_target_6,6,Expanding Window
2023-02-01,4.415453797417701,3.9949439671134472,5.224890959481687,AR,Wage,wage_target_6,6,Expanding Window
2023-07-01,3.6300762340979458,3.589325513627044,5.224890959481687,AR,Wage,wage_target_6,6,Expanding Window
2023-11-01,4.170437814296424,3.4158227504332324,5.224890959481687,AR,Wage,wage_target_6,6,Expanding Window
2023-12-01,4.155993698349025,3.582437950250252,5.224890959481687,AR,Wage,wage_target_6,6,Expanding Window
2024-03-01,3.9435482511276376,3.251022958219136,5.224890959481687,AR,Wage,wage_target_6,6,Expanding Window
2024-05-01,4.029076531860465,3.5766235265971336,5.224890959481687,AR,Wage,wage_target_6,6,Expanding Window
2024-07-01,4.286684120549467,3.6406139722362383,5.224890959481687,AR,Wage,wage_target_6,6,Expanding Window
2025-03-01,3.241383954231658,3.2336098059399583,5.224890959481687,AR,Wage,wage_target_6,6,Expanding Window
2025-08-01,3.626130988872944,3.3179476798527117,5.224890959481687,AR,Wage,wage_target_6,6,Expanding Window
2021-11-01,5.495371768196655,5.103422661809654,5.224890959481687,OLS,Wage,wage_target_6,6,Expanding Window
2022-05-01,4.436411105194882,4.936339133529723,5.224890959481687,OLS,Wage,wage_target_6,6,Expanding Window
2022-07-01,4.161716868604248,4.727799441037586,5.224890959481687,OLS,Wage,wage_target_6,6,Expanding Window
2022-09-01,4.2528941484486715,4.488971952996012,5.224890959481687,OLS,Wage,wage_target_6,6,Expanding Window
2022-11-01,4.101470633815207,4.453376572350598,5.224890959481687,OLS,Wage,wage_target_6,6,Expanding Window
2022-12-01,4.502666533793498,4.568835464518842,5.224890959481687,OLS,Wage,wage_target_6,6,Expanding Window
2023-02-01,4.415453797417701,4.49188444822855,5.224890959481687,OLS,Wage,wage_target_6,6,Expanding Window
2023-07-01,3.6300762340979458,4.076603088637791,5.224890959481687,OLS,Wage,wage_target_6,6,Expanding Window
2023-11-01,4.170437814296424,3.894258252606759,5.224890959481687,OLS,Wage,wage_target_6,6,Expanding Window
2023-12-01,4.155993698349025,4.000367972353678,5.224890959481687,OLS,Wage,wage_target_6,6,Expanding Window
2024-03-01,3.9435482511276376,3.7060897129844146,5.224890959481687,OLS,Wage,wage_target_6,6,Expanding Window
2024-05-01,4.029076531860465,3.891650051684246,5.224890959481687,OLS,Wage,wage_target_6,6,Expanding Window
2024-07-01,4.286684120549467,3.846450218971251,5.224890959481687,OLS,Wage,wage_target_6,6,Expanding Window
2025-03-01,3.241383954231658,3.5333131949293883,5.224890959481687,OLS,Wage,wage_target_6,6,Expanding Window
2025-08-01,3.626130988872944,3.5670619731217124,5.224890959481687,OLS,Wage,wage_target_6,6,Expanding Window
2021-11-01,5.495371768196655,5.08233000075456,5.224890959481687,Ridge,Wage,wage_target_6,6,Expanding Window
2022-05-01,4.436411105194882,4.916752763310027,5.224890959481687,Ridge,Wage,wage_target_6,6,Expanding Window
2022-07-01,4.161716868604248,4.710825421185605,5.224890959481687,Ridge,Wage,wage_target_6,6,Expanding Window
2022-09-01,4.2528941484486715,4.476000419393789,5.224890959481687,Ridge,Wage,wage_target_6,6,Expanding Window
2022-11-01,4.101470633815207,4.442724893741797,5.224890959481687,Ridge,Wage,wage_target_6,6,Expanding Window
2022-12-01,4.502666533793498,4.557547727438897,5.224890959481687,Ridge,Wage,wage_target_6,6,Expanding Window
2023-02-01,4.415453797417701,4.482315704093516,5.224890959481687,Ridge,Wage,wage_target_6,6,Expanding Window
2023-07-01,3.6300762340979458,4.072346882700999,5.224890959481687,Ridge,Wage,wage_target_6,6,Expanding Window
2023-11-01,4.170437814296424,3.892108742013721,5.224890959481687,Ridge,Wage,wage_target_6,6,Expanding Window
2023-12-01,4.155993698349025,3.997508865448832,5.224890959481687,Ridge,Wage,wage_target_6,6,Expanding Window
2024-03-01,3.9435482511276376,3.7067102248433716,5.224890959481687,Ridge,Wage,wage_target_6,6,Expanding Window
2024-05-01,4.029076531860465,3.890289482300988,5.224890959481687,Ridge,Wage,wage_target_6,6,Expanding Window
2024-07-01,4.286684120549467,3.845398231375226,5.224890959481687,Ridge,Wage,wage_target_6,6,Expanding Window
2025-03-01,3.241383954231658,3.5341338131975224,5.224890959481687,Ridge,Wage,wage_target_6,6,Expanding Window
2025-08-01,3.626130988872944,3.5677720838510663,5.224890959481687,Ridge,Wage,wage_target_6,6,Expanding Window
2021-11-01,5.495371768196655,5.01664937944666,5.224890959481687,ElasticNet,Wage,wage_target_6,6,Expanding Window
2022-05-01,4.436411105194882,4.868663752556128,5.224890959481687,ElasticNet,Wage,wage_target_6,6,Expanding Window
2022-07-01,4.161716868604248,4.682988494427332,5.224890959481687,ElasticNet,Wage,wage_target_6,6,Expanding Window
2022-09-01,4.2528941484486715,4.464032655354961,5.224890959481687,ElasticNet,Wage,wage_target_6,6,Expanding Window
2022-11-01,4.101470633815207,4.448847121695632,5.224890959481687,ElasticNet,Wage,wage_target_6,6,Expanding Window
2022-12-01,4.502666533793498,4.566192552874245,5.224890959481687,ElasticNet,Wage,wage_target_6,6,Expanding Window
2023-02-01,4.415453797417701,4.498429462730568,5.224890959481687,ElasticNet,Wage,wage_target_6,6,Expanding Window
2023-07-01,3.6300762340979458,4.102366290421959,5.224890959481687,ElasticNet,Wage,wage_target_6,6,Expanding Window
2023-11-01,4.170437814296424,3.9285130711827216,5.224890959481687,ElasticNet,Wage,wage_target_6,6,Expanding Window
2023-12-01,4.155993698349025,4.0307432461795845,5.224890959481687,ElasticNet,Wage,wage_target_6,6,Expanding Window
2024-03-01,3.9435482511276376,3.742796868042052,5.224890959481687,ElasticNet,Wage,wage_target_6,6,Expanding Window
2024-05-01,4.029076531860465,3.9239227668815673,5.224890959481687,ElasticNet,Wage,wage_target_6,6,Expanding Window
2024-07-01,4.286684120549467,3.880606295592407,5.224890959481687,ElasticNet,Wage,wage_target_6,6,Expanding Window
2025-03-01,3.241383954231658,3.559013959146106,5.224890959481687,ElasticNet,Wage,wage_target_6,6,Expanding Window
2025-08-01,3.626130988872944,3.5912311388020086,5.224890959481687,ElasticNet,Wage,wage_target_6,6,Expanding Window
2021-11-01,5.495371768196655,4.778038395579755,5.224890959481687,Huber,Wage,wage_target_6,6,Expanding Window
2022-05-01,4.436411105194882,4.485346611407929,5.224890959481687,Huber,Wage,wage_target_6,6,Expanding Window
2022-07-01,4.161716868604248,4.225141414265675,5.224890959481687,Huber,Wage,wage_target_6,6,Expanding Window
2022-09-01,4.2528941484486715,4.003313625166263,5.224890959481687,Huber,Wage,wage_target_6,6,Expanding Window
2022-11-01,4.101470633815207,4.033420452326443,5.224890959481687,Huber,Wage,wage_target_6,6,Expanding Window
2022-12-01,4.502666533793498,4.156108316088346,5.224890959481687,Huber,Wage,wage_target_6,6,Expanding Window
2023-02-01,4.415453797417701,4.171155275559999,5.224890959481687,Huber,Wage,wage_target_6,6,Expanding Window
2023-07-01,3.6300762340979458,3.753759894317078,5.224890959481687,Huber,Wage,wage_target_6,6,Expanding Window
2023-11-01,4.170437814296424,3.5713109662688747,5.224890959481687,Huber,Wage,wage_target_6,6,Expanding Window
2023-12-01,4.155993698349025,3.723894065573501,5.224890959481687,Huber,Wage,wage_target_6,6,Expanding Window
2024-03-01,3.9435482511276376,3.4040416631103825,5.224890959481687,Huber,Wage,wage_target_6,6,Expanding Window
2024-05-01,4.029076531860465,3.6838839913928734,5.224890959481687,Huber,Wage,wage_target_6,6,Expanding Window
2024-07-01,4.286684120549467,3.7063635394290366,5.224890959481687,Huber,Wage,wage_target_6,6,Expanding Window
2025-03-01,3.241383954231658,3.3285323381520335,5.224890959481687,Huber,Wage,wage_target_6,6,Expanding Window
2025-08-01,3.626130988872944,3.3987848226111765,5.224890959481687,Huber,Wage,wage_target_6,6,Expanding Window
2021-11-01,5.495371768196655,5.69416183486042,5.224890959481687,RandomForest,Wage,wage_target_6,6,Expanding Window
2022-05-01,4.436411105194882,5.679070712927175,5.224890959481687,RandomForest,Wage,wage_target_6,6,Expanding Window
2022-07-01,4.161716868604248,5.476525750037359,5.224890959481687,RandomForest,Wage,wage_target_6,6,Expanding Window
2022-09-01,4.2528941484486715,5.296733633098596,5.224890959481687,RandomForest,Wage,wage_target_6,6,Expanding Window
2022-11-01,4.101470633815207,5.305324785859455,5.224890959481687,RandomForest,Wage,wage_target_6,6,Expanding Window
2022-12-01,4.502666533793498,5.431849299214354,5.224890959481687,RandomForest,Wage,wage_target_6,6,Expanding Window
2023-02-01,4.415453797417701,5.436114884373842,5.224890959481687,RandomForest,Wage,wage_target_6,6,Expanding Window
2023-07-01,3.6300762340979458,4.783476000969759,5.224890959481687,RandomForest,Wage,wage_target_6,6,Expanding Window
2023-11-01,4.170437814296424,4.3555369494261695,5.224890959481687,RandomForest,Wage,wage_target_6,6,Expanding Window
2023-12-01,4.155993698349025,4.780792976015203,5.224890959481687,RandomForest,Wage,wage_target_6,6,Expanding Window
2024-03-01,3.9435482511276376,4.037557982840905,5.224890959481687,RandomForest,Wage,wage_target_6,6,Expanding Window
2024-05-01,4.029076531860465,4.77568068151249,5.224890959481687,RandomForest,Wage,wage_target_6,6,Expanding Window
2024-07-01,4.286684120549467,5.191886645579088,5.224890959481687,RandomForest,Wage,wage_target_6,6,Expanding Window
2025-03-01,3.241383954231658,3.749184156579327,5.224890959481687,RandomForest,Wage,wage_target_6,6,Expanding Window
2025-08-01,3.626130988872944,3.9281162244559487,5.224890959481687,RandomForest,Wage,wage_target_6,6,Expanding Window
2021-11-01,5.495371768196655,5.502427742354036,5.224890959481687,GradientBoosting,Wage,wage_target_6,6,Expanding Window
2022-05-01,4.436411105194882,6.593045275659871,5.224890959481687,GradientBoosting,Wage,wage_target_6,6,Expanding Window
2022-07-01,4.161716868604248,6.598673712541883,5.224890959481687,GradientBoosting,Wage,wage_target_6,6,Expanding Window
2022-09-01,4.2528941484486715,7.596843819730685,5.224890959481687,GradientBoosting,Wage,wage_target_6,6,Expanding Window
2022-11-01,4.101470633815207,7.614035864133329,5.224890959481687,GradientBoosting,Wage,wage_target_6,6,Expanding Window
2022-12-01,4.502666533793498,6.6083468943087516,5.224890959481687,GradientBoosting,Wage,wage_target_6,6,Expanding Window
2023-02-01,4.415453797417701,6.6083468943087516,5.224890959481687,GradientBoosting,Wage,wage_target_6,6,Expanding Window
2023-07-01,3.6300762340979458,5.069686797417182,5.224890959481687,GradientBoosting,Wage,wage_target_6,6,Expanding Window
2023-11-01,4.170437814296424,4.6362287580132024,5.224890959481687,GradientBoosting,Wage,wage_target_6,6,Expanding Window
2023-12-01,4.155993698349025,5.111507206163711,5.224890959481687,GradientBoosting,Wage,wage_target_6,6,Expanding Window
2024-03-01,3.9435482511276376,4.277348413424789,5.224890959481687,GradientBoosting,Wage,wage_target_6,6,Expanding Window
2024-05-01,4.029076531860465,5.8179974980407705,5.224890959481687,GradientBoosting,Wage,wage_target_6,6,Expanding Window
2024-07-01,4.286684120549467,6.851481381814771,5.224890959481687,GradientBoosting,Wage,wage_target_6,6,Expanding Window
2025-03-01,3.241383954231658,3.4335223451145165,5.224890959481687,GradientBoosting,Wage,wage_target_6,6,Expanding Window
2025-08-01,3.626130988872944,3.690931274338298,5.224890959481687,GradientBoosting,Wage,wage_target_6,6,Expanding Window
