date,actual,prediction,model,regime,target,target_col,horizon,fold_id
2012-10-01,3.0444121592543283,2.537542872594045,Persistence,pre,Wage,wage_target_3,3,1
2012-12-01,1.3468026191617355,2.537542872594045,Persistence,pre,Wage,wage_target_3,3,1
2013-02-01,1.8460280300329757,2.537542872594045,Persistence,pre,Wage,wage_target_3,3,1
2013-03-01,2.6800770279278296,2.537542872594045,Persistence,pre,Wage,wage_target_3,3,1
2013-04-01,1.8390836994518267,2.537542872594045,Persistence,pre,Wage,wage_target_3,3,1
2013-05-01,2.1707421256477843,2.537542872594045,Persistence,pre,Wage,wage_target_3,3,1
2013-06-01,1.6659749197136977,2.537542872594045,Persistence,pre,Wage,wage_target_3,3,1
2013-07-01,1.830666810964665,2.537542872594045,Persistence,pre,Wage,wage_target_3,3,1
2013-09-01,1.9900538560454704,2.537542872594045,Persistence,pre,Wage,wage_target_3,3,1
2013-10-01,2.152768599266608,2.537542872594045,Persistence,pre,Wage,wage_target_3,3,1
2013-12-01,2.1447772565540646,2.537542872594045,Persistence,pre,Wage,wage_target_3,3,1
2014-02-01,1.149190201489958,2.537542872594045,Persistence,pre,Wage,wage_target_3,3,1
2014-03-01,2.460536772397859,2.537542872594045,Persistence,pre,Wage,wage_target_3,3,1
2014-05-01,2.288522793443626,2.537542872594045,Persistence,pre,Wage,wage_target_3,3,1
2012-10-01,3.0444121592543283,2.16708832516834,OLS,pre,Wage,wage_target_3,3,1
2012-12-01,1.3468026191617355,2.1825727655169866,OLS,pre,Wage,wage_target_3,3,1
2013-02-01,1.8460280300329757,2.0875133200182687,OLS,pre,Wage,wage_target_3,3,1
2013-03-01,2.6800770279278296,2.0003397809480146,OLS,pre,Wage,wage_target_3,3,1
2013-04-01,1.8390836994518267,2.2432087145905304,OLS,pre,Wage,wage_target_3,3,1
2013-05-01,2.1707421256477843,1.9973638306642374,OLS,pre,Wage,wage_target_3,3,1
2013-06-01,1.6659749197136977,2.111404449795697,OLS,pre,Wage,wage_target_3,3,1
2013-07-01,1.830666810964665,1.93103749733072,OLS,pre,Wage,wage_target_3,3,1
2013-09-01,1.9900538560454704,2.16989026425132,OLS,pre,Wage,wage_target_3,3,1
2013-10-01,2.152768599266608,2.0845532939655618,OLS,pre,Wage,wage_target_3,3,1
2013-12-01,2.1447772565540646,2.352311915610769,OLS,pre,Wage,wage_target_3,3,1
2014-02-01,1.149190201489958,2.129873003672138,OLS,pre,Wage,wage_target_3,3,1
2014-03-01,2.460536772397859,1.8679515569015395,OLS,pre,Wage,wage_target_3,3,1
2014-05-01,2.288522793443626,2.299585825940937,OLS,pre,Wage,wage_target_3,3,1
2012-10-01,3.0444121592543283,2.161307800034411,Ridge,pre,Wage,wage_target_3,3,1
2012-12-01,1.3468026191617355,2.175772518689804,Ridge,pre,Wage,wage_target_3,3,1
2013-02-01,1.8460280300329757,2.0808011750851563,Ridge,pre,Wage,wage_target_3,3,1
2013-03-01,2.6800770279278296,1.9934381963373466,Ridge,pre,Wage,wage_target_3,3,1
2013-04-01,1.8390836994518267,2.2348880011947743,Ridge,pre,Wage,wage_target_3,3,1
2013-05-01,2.1707421256477843,1.990108522850525,Ridge,pre,Wage,wage_target_3,3,1
2013-06-01,1.6659749197136977,2.1025768513433376,Ridge,pre,Wage,wage_target_3,3,1
2013-07-01,1.830666810964665,1.9249396148853342,Ridge,pre,Wage,wage_target_3,3,1
2013-09-01,1.9900538560454704,2.1597850532934313,Ridge,pre,Wage,wage_target_3,3,1
2013-10-01,2.152768599266608,2.0744343882507534,Ridge,pre,Wage,wage_target_3,3,1
2013-12-01,2.1447772565540646,2.3388483107287485,Ridge,pre,Wage,wage_target_3,3,1
2014-02-01,1.149190201489958,2.116635432240797,Ridge,pre,Wage,wage_target_3,3,1
2014-03-01,2.460536772397859,1.8574187988775444,Ridge,pre,Wage,wage_target_3,3,1
2014-05-01,2.288522793443626,2.281494348366381,Ridge,pre,Wage,wage_target_3,3,1
2012-10-01,3.0444121592543283,2.1889862712500108,ElasticNet,pre,Wage,wage_target_3,3,1
2012-12-01,1.3468026191617355,2.2041646305656792,ElasticNet,pre,Wage,wage_target_3,3,1
2013-02-01,1.8460280300329757,2.111366295664451,ElasticNet,pre,Wage,wage_target_3,3,1
2013-03-01,2.6800770279278296,2.0250941485748575,ElasticNet,pre,Wage,wage_target_3,3,1
2013-04-01,1.8390836994518267,2.2668444509597476,ElasticNet,pre,Wage,wage_target_3,3,1
2013-05-01,2.1707421256477843,2.0248321827972715,ElasticNet,pre,Wage,wage_target_3,3,1
2013-06-01,1.6659749197136977,2.1328965177377137,ElasticNet,pre,Wage,wage_target_3,3,1
2013-07-01,1.830666810964665,1.9572390753302549,ElasticNet,pre,Wage,wage_target_3,3,1
2013-09-01,1.9900538560454704,2.1927080466914455,ElasticNet,pre,Wage,wage_target_3,3,1
2013-10-01,2.152768599266608,2.107590006523079,ElasticNet,pre,Wage,wage_target_3,3,1
2013-12-01,2.1447772565540646,2.374699159964681,ElasticNet,pre,Wage,wage_target_3,3,1
2014-02-01,1.149190201489958,2.1526310315014126,ElasticNet,pre,Wage,wage_target_3,3,1
2014-03-01,2.460536772397859,1.8949323015728978,ElasticNet,pre,Wage,wage_target_3,3,1
2014-05-01,2.288522793443626,2.317984802022152,ElasticNet,pre,Wage,wage_target_3,3,1
2012-10-01,3.0444121592543283,2.186417563435306,Huber,pre,Wage,wage_target_3,3,1
2012-12-01,1.3468026191617355,2.1973291463727582,Huber,pre,Wage,wage_target_3,3,1
2013-02-01,1.8460280300329757,2.0881965258560515,Huber,pre,Wage,wage_target_3,3,1
2013-03-01,2.6800770279278296,1.9860669564020261,Huber,pre,Wage,wage_target_3,3,1
2013-04-01,1.8390836994518267,2.2583665093099126,Huber,pre,Wage,wage_target_3,3,1
2013-05-01,2.1707421256477843,1.9823284888949448,Huber,pre,Wage,wage_target_3,3,1
2013-06-01,1.6659749197136977,2.1042386512347533,Huber,pre,Wage,wage_target_3,3,1
2013-07-01,1.830666810964665,1.9139568513035052,Huber,pre,Wage,wage_target_3,3,1
2013-09-01,1.9900538560454704,2.1643175274930355,Huber,pre,Wage,wage_target_3,3,1
2013-10-01,2.152768599266608,2.064307174406529,Huber,pre,Wage,wage_target_3,3,1
2013-12-01,2.1447772565540646,2.352897956914172,Huber,pre,Wage,wage_target_3,3,1
2014-02-01,1.149190201489958,2.0965389427570984,Huber,pre,Wage,wage_target_3,3,1
2014-03-01,2.460536772397859,1.8104404840221098,Huber,pre,Wage,wage_target_3,3,1
2014-05-01,2.288522793443626,2.258648478249466,Huber,pre,Wage,wage_target_3,3,1
2012-10-01,3.0444121592543283,2.036168710378339,RandomForest,pre,Wage,wage_target_3,3,1
2012-12-01,1.3468026191617355,2.326571031782834,RandomForest,pre,Wage,wage_target_3,3,1
2013-02-01,1.8460280300329757,2.1515574729570717,RandomForest,pre,Wage,wage_target_3,3,1
2013-03-01,2.6800770279278296,2.0705204975342766,RandomForest,pre,Wage,wage_target_3,3,1
2013-04-01,1.8390836994518267,2.352536514034601,RandomForest,pre,Wage,wage_target_3,3,1
2013-05-01,2.1707421256477843,2.1408403411050525,RandomForest,pre,Wage,wage_target_3,3,1
2013-06-01,1.6659749197136977,2.2227651684566565,RandomForest,pre,Wage,wage_target_3,3,1
2013-07-01,1.830666810964665,2.0513952729410154,RandomForest,pre,Wage,wage_target_3,3,1
2013-09-01,1.9900538560454704,2.324134126765616,RandomForest,pre,Wage,wage_target_3,3,1
2013-10-01,2.152768599266608,2.2653407419480622,RandomForest,pre,Wage,wage_target_3,3,1
2013-12-01,2.1447772565540646,2.6157300740574843,RandomForest,pre,Wage,wage_target_3,3,1
2014-02-01,1.149190201489958,2.247139298679559,RandomForest,pre,Wage,wage_target_3,3,1
2014-03-01,2.460536772397859,2.269581823771704,RandomForest,pre,Wage,wage_target_3,3,1
2014-05-01,2.288522793443626,2.3499590711018103,RandomForest,pre,Wage,wage_target_3,3,1
2012-10-01,3.0444121592543283,2.1181067102761943,GradientBoosting,pre,Wage,wage_target_3,3,1
2012-12-01,1.3468026191617355,2.3070671753915746,GradientBoosting,pre,Wage,wage_target_3,3,1
2013-02-01,1.8460280300329757,1.983305413279509,GradientBoosting,pre,Wage,wage_target_3,3,1
2013-03-01,2.6800770279278296,2.00212104772913,GradientBoosting,pre,Wage,wage_target_3,3,1
2013-04-01,1.8390836994518267,2.3182383760714154,GradientBoosting,pre,Wage,wage_target_3,3,1
2013-05-01,2.1707421256477843,2.023419164374666,GradientBoosting,pre,Wage,wage_target_3,3,1
2013-06-01,1.6659749197136977,1.9692316642815326,GradientBoosting,pre,Wage,wage_target_3,3,1
2013-07-01,1.830666810964665,1.9769438222969231,GradientBoosting,pre,Wage,wage_target_3,3,1
2013-09-01,1.9900538560454704,1.9920097758187456,GradientBoosting,pre,Wage,wage_target_3,3,1
2013-10-01,2.152768599266608,1.9920097758187456,GradientBoosting,pre,Wage,wage_target_3,3,1
2013-12-01,2.1447772565540646,2.3556045012856583,GradientBoosting,pre,Wage,wage_target_3,3,1
2014-02-01,1.149190201489958,1.9683959360081276,GradientBoosting,pre,Wage,wage_target_3,3,1
2014-03-01,2.460536772397859,2.2183433105647326,GradientBoosting,pre,Wage,wage_target_3,3,1
2014-05-01,2.288522793443626,2.1405412606892105,GradientBoosting,pre,Wage,wage_target_3,3,1
2014-06-01,1.6319892079661005,2.288522793443626,Persistence,pre,Wage,wage_target_3,3,2
2014-08-01,1.9512233813731683,2.288522793443626,Persistence,pre,Wage,wage_target_3,3,2
2015-01-01,2.417899766063414,2.288522793443626,Persistence,pre,Wage,wage_target_3,3,2
2015-08-01,2.3833238334521667,2.288522793443626,Persistence,pre,Wage,wage_target_3,3,2
2015-09-01,2.223993020750114,2.288522793443626,Persistence,pre,Wage,wage_target_3,3,2
2015-11-01,2.054122625949084,2.288522793443626,Persistence,pre,Wage,wage_target_3,3,2
2015-12-01,3.155834910065103,2.288522793443626,Persistence,pre,Wage,wage_target_3,3,2
2016-01-01,2.514743056880775,2.288522793443626,Persistence,pre,Wage,wage_target_3,3,2
2016-03-01,2.663021388822706,2.288522793443626,Persistence,pre,Wage,wage_target_3,3,2
2016-08-01,2.945178971077489,2.288522793443626,Persistence,pre,Wage,wage_target_3,3,2
2016-09-01,2.4758299545197815,2.288522793443626,Persistence,pre,Wage,wage_target_3,3,2
2017-01-01,2.759688984108699,2.288522793443626,Persistence,pre,Wage,wage_target_3,3,2
2017-05-01,2.434393211952113,2.288522793443626,Persistence,pre,Wage,wage_target_3,3,2
2017-06-01,3.4881737637313392,2.288522793443626,Persistence,pre,Wage,wage_target_3,3,2
2014-06-01,1.6319892079661005,2.2598029533222848,OLS,pre,Wage,wage_target_3,3,2
2014-08-01,1.9512233813731683,2.1680898877566057,OLS,pre,Wage,wage_target_3,3,2
2015-01-01,2.417899766063414,2.7262021987342475,OLS,pre,Wage,wage_target_3,3,2
2015-08-01,2.3833238334521667,2.663506407659882,OLS,pre,Wage,wage_target_3,3,2
2015-09-01,2.223993020750114,2.5021181088500497,OLS,pre,Wage,wage_target_3,3,2
2015-11-01,2.054122625949084,2.605297840431837,OLS,pre,Wage,wage_target_3,3,2
2015-12-01,3.155834910065103,2.4838257142705262,OLS,pre,Wage,wage_target_3,3,2
2016-01-01,2.514743056880775,2.8479168525302,OLS,pre,Wage,wage_target_3,3,2
2016-03-01,2.663021388822706,2.8152325574519286,OLS,pre,Wage,wage_target_3,3,2
2016-08-01,2.945178971077489,2.77556065678997,OLS,pre,Wage,wage_target_3,3,2
2016-09-01,2.4758299545197815,2.6928714796697077,OLS,pre,Wage,wage_target_3,3,2
2017-01-01,2.759688984108699,2.6480552293253115,OLS,pre,Wage,wage_target_3,3,2
2017-05-01,2.434393211952113,2.6716746011430734,OLS,pre,Wage,wage_target_3,3,2
2017-06-01,3.4881737637313392,2.69431490923107,OLS,pre,Wage,wage_target_3,3,2
2014-06-01,1.6319892079661005,2.2571345114486645,Ridge,pre,Wage,wage_target_3,3,2
2014-08-01,1.9512233813731683,2.1647845349706993,Ridge,pre,Wage,wage_target_3,3,2
2015-01-01,2.417899766063414,2.718209246471987,Ridge,pre,Wage,wage_target_3,3,2
2015-08-01,2.3833238334521667,2.654185559858749,Ridge,pre,Wage,wage_target_3,3,2
2015-09-01,2.223993020750114,2.4932041637822326,Ridge,pre,Wage,wage_target_3,3,2
2015-11-01,2.054122625949084,2.5953391419078797,Ridge,pre,Wage,wage_target_3,3,2
2015-12-01,3.155834910065103,2.4734571559828598,Ridge,pre,Wage,wage_target_3,3,2
2016-01-01,2.514743056880775,2.8345260143055486,Ridge,pre,Wage,wage_target_3,3,2
2016-03-01,2.663021388822706,2.8028846162066916,Ridge,pre,Wage,wage_target_3,3,2
2016-08-01,2.945178971077489,2.7656424082922584,Ridge,pre,Wage,wage_target_3,3,2
2016-09-01,2.4758299545197815,2.6833797550668916,Ridge,pre,Wage,wage_target_3,3,2
2017-01-01,2.759688984108699,2.639914657913948,Ridge,pre,Wage,wage_target_3,3,2
2017-05-01,2.434393211952113,2.6628918278479894,Ridge,pre,Wage,wage_target_3,3,2
2017-06-01,3.4881737637313392,2.684552533070201,Ridge,pre,Wage,wage_target_3,3,2
2014-06-01,1.6319892079661005,2.2605313179344173,ElasticNet,pre,Wage,wage_target_3,3,2
2014-08-01,1.9512233813731683,2.1616804042998905,ElasticNet,pre,Wage,wage_target_3,3,2
2015-01-01,2.417899766063414,2.7017826935890232,ElasticNet,pre,Wage,wage_target_3,3,2
2015-08-01,2.3833238334521667,2.62855356199517,ElasticNet,pre,Wage,wage_target_3,3,2
2015-09-01,2.223993020750114,2.4652259672432937,ElasticNet,pre,Wage,wage_target_3,3,2
2015-11-01,2.054122625949084,2.5641290225218256,ElasticNet,pre,Wage,wage_target_3,3,2
2015-12-01,3.155834910065103,2.4346388555943332,ElasticNet,pre,Wage,wage_target_3,3,2
2016-01-01,2.514743056880775,2.7868196440709077,ElasticNet,pre,Wage,wage_target_3,3,2
2016-03-01,2.663021388822706,2.760995429337089,ElasticNet,pre,Wage,wage_target_3,3,2
2016-08-01,2.945178971077489,2.738681587818629,ElasticNet,pre,Wage,wage_target_3,3,2
2016-09-01,2.4758299545197815,2.656938048737051,ElasticNet,pre,Wage,wage_target_3,3,2
2017-01-01,2.759688984108699,2.6200403666025514,ElasticNet,pre,Wage,wage_target_3,3,2
2017-05-01,2.434393211952113,2.639132452037064,ElasticNet,pre,Wage,wage_target_3,3,2
2017-06-01,3.4881737637313392,2.655491937977493,ElasticNet,pre,Wage,wage_target_3,3,2
2014-06-01,1.6319892079661005,2.230522046945433,Huber,pre,Wage,wage_target_3,3,2
2014-08-01,1.9512233813731683,2.1315306285513995,Huber,pre,Wage,wage_target_3,3,2
2015-01-01,2.417899766063414,2.6758364328330826,Huber,pre,Wage,wage_target_3,3,2
2015-08-01,2.3833238334521667,2.5996154307760353,Huber,pre,Wage,wage_target_3,3,2
2015-09-01,2.223993020750114,2.436096497365937,Huber,pre,Wage,wage_target_3,3,2
2015-11-01,2.054122625949084,2.53557406072611,Huber,pre,Wage,wage_target_3,3,2
2015-12-01,3.155834910065103,2.406666922634985,Huber,pre,Wage,wage_target_3,3,2
2016-01-01,2.514743056880775,2.760278865521358,Huber,pre,Wage,wage_target_3,3,2
2016-03-01,2.663021388822706,2.732602649420892,Huber,pre,Wage,wage_target_3,3,2
2016-08-01,2.945178971077489,2.705410141181554,Huber,pre,Wage,wage_target_3,3,2
2016-09-01,2.4758299545197815,2.6224730072144453,Huber,pre,Wage,wage_target_3,3,2
2017-01-01,2.759688984108699,2.5793153746530226,Huber,pre,Wage,wage_target_3,3,2
2017-05-01,2.434393211952113,2.5929751812405812,Huber,pre,Wage,wage_target_3,3,2
2017-06-01,3.4881737637313392,2.6057335483491837,Huber,pre,Wage,wage_target_3,3,2
2014-06-01,1.6319892079661005,2.0846102132542996,RandomForest,pre,Wage,wage_target_3,3,2
2014-08-01,1.9512233813731683,2.066960741627557,RandomForest,pre,Wage,wage_target_3,3,2
2015-01-01,2.417899766063414,2.4474789807546955,RandomForest,pre,Wage,wage_target_3,3,2
2015-08-01,2.3833238334521667,2.51862657030189,RandomForest,pre,Wage,wage_target_3,3,2
2015-09-01,2.223993020750114,2.1473237331224184,RandomForest,pre,Wage,wage_target_3,3,2
2015-11-01,2.054122625949084,2.294453644870827,RandomForest,pre,Wage,wage_target_3,3,2
2015-12-01,3.155834910065103,2.225097689347954,RandomForest,pre,Wage,wage_target_3,3,2
2016-01-01,2.514743056880775,2.6987961642573164,RandomForest,pre,Wage,wage_target_3,3,2
2016-03-01,2.663021388822706,2.699932867680582,RandomForest,pre,Wage,wage_target_3,3,2
2016-08-01,2.945178971077489,2.6478016057131266,RandomForest,pre,Wage,wage_target_3,3,2
2016-09-01,2.4758299545197815,2.5826503562049945,RandomForest,pre,Wage,wage_target_3,3,2
2017-01-01,2.759688984108699,2.3914704617642912,RandomForest,pre,Wage,wage_target_3,3,2
2017-05-01,2.434393211952113,2.384546676454039,RandomForest,pre,Wage,wage_target_3,3,2
2017-06-01,3.4881737637313392,2.2632941407182536,RandomForest,pre,Wage,wage_target_3,3,2
2014-06-01,1.6319892079661005,2.1916168088600134,GradientBoosting,pre,Wage,wage_target_3,3,2
2014-08-01,1.9512233813731683,2.294045882951923,GradientBoosting,pre,Wage,wage_target_3,3,2
2015-01-01,2.417899766063414,2.5129788464548297,GradientBoosting,pre,Wage,wage_target_3,3,2
2015-08-01,2.3833238334521667,2.9712492781408812,GradientBoosting,pre,Wage,wage_target_3,3,2
2015-09-01,2.223993020750114,2.518182123394111,GradientBoosting,pre,Wage,wage_target_3,3,2
2015-11-01,2.054122625949084,2.8066625253328272,GradientBoosting,pre,Wage,wage_target_3,3,2
2015-12-01,3.155834910065103,2.669976572393849,GradientBoosting,pre,Wage,wage_target_3,3,2
2016-01-01,2.514743056880775,3.1886260145394925,GradientBoosting,pre,Wage,wage_target_3,3,2
2016-03-01,2.663021388822706,3.289831296876596,GradientBoosting,pre,Wage,wage_target_3,3,2
2016-08-01,2.945178971077489,3.047718374336787,GradientBoosting,pre,Wage,wage_target_3,3,2
2016-09-01,2.4758299545197815,2.939995683639674,GradientBoosting,pre,Wage,wage_target_3,3,2
2017-01-01,2.759688984108699,2.8562558976020482,GradientBoosting,pre,Wage,wage_target_3,3,2
2017-05-01,2.434393211952113,2.8160004736088218,GradientBoosting,pre,Wage,wage_target_3,3,2
2017-06-01,3.4881737637313392,2.568336989033367,GradientBoosting,pre,Wage,wage_target_3,3,2
2024-06-01,3.752692769990595,4.13440373226468,Persistence,post,Wage,wage_target_3,3,1
2024-07-01,4.30965325683168,4.13440373226468,Persistence,post,Wage,wage_target_3,3,1
2024-06-01,3.752692769990595,4.003143592063794,OLS,post,Wage,wage_target_3,3,1
2024-07-01,4.30965325683168,4.005352019029805,OLS,post,Wage,wage_target_3,3,1
2024-06-01,3.752692769990595,3.876316109296178,Ridge,post,Wage,wage_target_3,3,1
2024-07-01,4.30965325683168,3.8591000272965963,Ridge,post,Wage,wage_target_3,3,1
2024-06-01,3.752692769990595,3.893885103380164,ElasticNet,post,Wage,wage_target_3,3,1
2024-07-01,4.30965325683168,3.87821346008654,ElasticNet,post,Wage,wage_target_3,3,1
2024-06-01,3.752692769990595,4.403087903362692,Huber,post,Wage,wage_target_3,3,1
2024-07-01,4.30965325683168,4.457051828135217,Huber,post,Wage,wage_target_3,3,1
2024-06-01,3.752692769990595,4.377139795699169,RandomForest,post,Wage,wage_target_3,3,1
2024-07-01,4.30965325683168,4.377139795699169,RandomForest,post,Wage,wage_target_3,3,1
2024-06-01,3.752692769990595,4.387268418306116,GradientBoosting,post,Wage,wage_target_3,3,1
2024-07-01,4.30965325683168,4.387268418306116,GradientBoosting,post,Wage,wage_target_3,3,1
2024-09-01,3.9420282442073074,4.30965325683168,Persistence,post,Wage,wage_target_3,3,2
2024-11-01,3.8020973989711497,4.30965325683168,Persistence,post,Wage,wage_target_3,3,2
2024-09-01,3.9420282442073074,4.543958125583482,OLS,post,Wage,wage_target_3,3,2
2024-11-01,3.8020973989711497,4.021462715649423,OLS,post,Wage,wage_target_3,3,2
2024-09-01,3.9420282442073074,4.341913840594325,Ridge,post,Wage,wage_target_3,3,2
2024-11-01,3.8020973989711497,4.066332252235723,Ridge,post,Wage,wage_target_3,3,2
2024-09-01,3.9420282442073074,4.381823994487614,ElasticNet,post,Wage,wage_target_3,3,2
2024-11-01,3.8020973989711497,4.0698363486539595,ElasticNet,post,Wage,wage_target_3,3,2
2024-09-01,3.9420282442073074,4.77526988523581,Huber,post,Wage,wage_target_3,3,2
2024-11-01,3.8020973989711497,4.149100138466321,Huber,post,Wage,wage_target_3,3,2
2024-09-01,3.9420282442073074,4.318873005389021,RandomForest,post,Wage,wage_target_3,3,2
2024-11-01,3.8020973989711497,4.318873005389021,RandomForest,post,Wage,wage_target_3,3,2
2024-09-01,3.9420282442073074,4.323042935825589,GradientBoosting,post,Wage,wage_target_3,3,2
2024-11-01,3.8020973989711497,4.323042935825589,GradientBoosting,post,Wage,wage_target_3,3,2
2024-12-01,4.679719114919045,3.8020973989711497,Persistence,post,Wage,wage_target_3,3,3
2025-02-01,3.766297556609288,3.8020973989711497,Persistence,post,Wage,wage_target_3,3,3
2024-12-01,4.679719114919045,3.6672391115605123,OLS,post,Wage,wage_target_3,3,3
2025-02-01,3.766297556609288,3.2696919531005477,OLS,post,Wage,wage_target_3,3,3
2024-12-01,4.679719114919045,3.7445427657038213,Ridge,post,Wage,wage_target_3,3,3
2025-02-01,3.766297556609288,3.396586646250655,Ridge,post,Wage,wage_target_3,3,3
2024-12-01,4.679719114919045,3.718755193040623,ElasticNet,post,Wage,wage_target_3,3,3
2025-02-01,3.766297556609288,3.328138099581804,ElasticNet,post,Wage,wage_target_3,3,3
2024-12-01,4.679719114919045,3.6363776266780965,Huber,post,Wage,wage_target_3,3,3
2025-02-01,3.766297556609288,3.2024851379886803,Huber,post,Wage,wage_target_3,3,3
2024-12-01,4.679719114919045,4.2427279408328396,RandomForest,post,Wage,wage_target_3,3,3
2025-02-01,3.766297556609288,4.2427279408328396,RandomForest,post,Wage,wage_target_3,3,3
2024-12-01,4.679719114919045,4.301347300389758,GradientBoosting,post,Wage,wage_target_3,3,3
2025-02-01,3.766297556609288,4.301347300389758,GradientBoosting,post,Wage,wage_target_3,3,3
2025-06-01,3.7229943004986055,3.766297556609288,Persistence,post,Wage,wage_target_3,3,4
2025-09-01,3.472620833930762,3.766297556609288,Persistence,post,Wage,wage_target_3,3,4
2025-06-01,3.7229943004986055,4.134469865290601,OLS,post,Wage,wage_target_3,3,4
2025-09-01,3.472620833930762,4.236891472701505,OLS,post,Wage,wage_target_3,3,4
2025-06-01,3.7229943004986055,4.079390849352557,Ridge,post,Wage,wage_target_3,3,4
2025-09-01,3.472620833930762,4.175311224359963,Ridge,post,Wage,wage_target_3,3,4
2025-06-01,3.7229943004986055,4.046846974821454,ElasticNet,post,Wage,wage_target_3,3,4
2025-09-01,3.472620833930762,4.150676199409021,ElasticNet,post,Wage,wage_target_3,3,4
2025-06-01,3.7229943004986055,4.114390486752555,Huber,post,Wage,wage_target_3,3,4
2025-09-01,3.472620833930762,4.207959722301631,Huber,post,Wage,wage_target_3,3,4
2025-06-01,3.7229943004986055,4.249584902241001,RandomForest,post,Wage,wage_target_3,3,4
2025-09-01,3.472620833930762,4.340317174962934,RandomForest,post,Wage,wage_target_3,3,4
2025-06-01,3.7229943004986055,4.105973309211423,GradientBoosting,post,Wage,wage_target_3,3,4
2025-09-01,3.472620833930762,4.47166519810292,GradientBoosting,post,Wage,wage_target_3,3,4
2016-01-01,2.506887502120314,2.5969280858655353,Persistence,pre,Wage,wage_target_6,6,1
2016-05-01,2.486434510959068,2.5969280858655353,Persistence,pre,Wage,wage_target_6,6,1
2016-06-01,2.405460616396926,2.5969280858655353,Persistence,pre,Wage,wage_target_6,6,1
2016-09-01,2.621471609352799,2.5969280858655353,Persistence,pre,Wage,wage_target_6,6,1
2017-03-01,2.8897841145881564,2.5969280858655353,Persistence,pre,Wage,wage_target_6,6,1
2017-05-01,2.502402313749297,2.5969280858655353,Persistence,pre,Wage,wage_target_6,6,1
2017-06-01,2.7983061902381756,2.5969280858655353,Persistence,pre,Wage,wage_target_6,6,1
2017-09-01,2.6997035341790543,2.5969280858655353,Persistence,pre,Wage,wage_target_6,6,1
2017-10-01,3.0706463493276104,2.5969280858655353,Persistence,pre,Wage,wage_target_6,6,1
2017-12-01,2.9817920925030883,2.5969280858655353,Persistence,pre,Wage,wage_target_6,6,1
2018-04-01,3.3899116627546633,2.5969280858655353,Persistence,pre,Wage,wage_target_6,6,1
2016-01-01,2.506887502120314,2.566629415622726,OLS,pre,Wage,wage_target_6,6,1
2016-05-01,2.486434510959068,2.509998375150536,OLS,pre,Wage,wage_target_6,6,1
2016-06-01,2.405460616396926,2.660883005507915,OLS,pre,Wage,wage_target_6,6,1
2016-09-01,2.621471609352799,2.460097679271997,OLS,pre,Wage,wage_target_6,6,1
2017-03-01,2.8897841145881564,2.6361766020882405,OLS,pre,Wage,wage_target_6,6,1
2017-05-01,2.502402313749297,2.737886500176793,OLS,pre,Wage,wage_target_6,6,1
2017-06-01,2.7983061902381756,2.5905700154195803,OLS,pre,Wage,wage_target_6,6,1
2017-09-01,2.6997035341790543,2.7485901308349154,OLS,pre,Wage,wage_target_6,6,1
2017-10-01,3.0706463493276104,2.7601430861796565,OLS,pre,Wage,wage_target_6,6,1
2017-12-01,2.9817920925030883,2.8878846535595457,OLS,pre,Wage,wage_target_6,6,1
2018-04-01,3.3899116627546633,3.124131767950347,OLS,pre,Wage,wage_target_6,6,1
2016-01-01,2.506887502120314,2.560071406324256,Ridge,pre,Wage,wage_target_6,6,1
2016-05-01,2.486434510959068,2.5047653024449232,Ridge,pre,Wage,wage_target_6,6,1
2016-06-01,2.405460616396926,2.6526293453114436,Ridge,pre,Wage,wage_target_6,6,1
2016-09-01,2.621471609352799,2.45606266528904,Ridge,pre,Wage,wage_target_6,6,1
2017-03-01,2.8897841145881564,2.629976988639891,Ridge,pre,Wage,wage_target_6,6,1
2017-05-01,2.502402313749297,2.7299808859280557,Ridge,pre,Wage,wage_target_6,6,1
2017-06-01,2.7983061902381756,2.5861537505139913,Ridge,pre,Wage,wage_target_6,6,1
2017-09-01,2.6997035341790543,2.7412763429385634,Ridge,pre,Wage,wage_target_6,6,1
2017-10-01,3.0706463493276104,2.7527241351648133,Ridge,pre,Wage,wage_target_6,6,1
2017-12-01,2.9817920925030883,2.878228907955049,Ridge,pre,Wage,wage_target_6,6,1
2018-04-01,3.3899116627546633,3.1109222488835337,Ridge,pre,Wage,wage_target_6,6,1
2016-01-01,2.506887502120314,2.542710333949281,ElasticNet,pre,Wage,wage_target_6,6,1
2016-05-01,2.486434510959068,2.4911969827676956,ElasticNet,pre,Wage,wage_target_6,6,1
2016-06-01,2.405460616396926,2.6384060466615886,ElasticNet,pre,Wage,wage_target_6,6,1
2016-09-01,2.621471609352799,2.445364939598296,ElasticNet,pre,Wage,wage_target_6,6,1
2017-03-01,2.8897841145881564,2.616601804604603,ElasticNet,pre,Wage,wage_target_6,6,1
2017-05-01,2.502402313749297,2.715339748567251,ElasticNet,pre,Wage,wage_target_6,6,1
2017-06-01,2.7983061902381756,2.570348056775516,ElasticNet,pre,Wage,wage_target_6,6,1
2017-09-01,2.6997035341790543,2.723688529080547,ElasticNet,pre,Wage,wage_target_6,6,1
2017-10-01,3.0706463493276104,2.734759036777124,ElasticNet,pre,Wage,wage_target_6,6,1
2017-12-01,2.9817920925030883,2.8584368955847896,ElasticNet,pre,Wage,wage_target_6,6,1
2018-04-01,3.3899116627546633,3.085806173247571,ElasticNet,pre,Wage,wage_target_6,6,1
2016-01-01,2.506887502120314,2.6096292223799744,Huber,pre,Wage,wage_target_6,6,1
2016-05-01,2.486434510959068,2.5495886208635707,Huber,pre,Wage,wage_target_6,6,1
2016-06-01,2.405460616396926,2.649045898634789,Huber,pre,Wage,wage_target_6,6,1
2016-09-01,2.621471609352799,2.500647033087758,Huber,pre,Wage,wage_target_6,6,1
2017-03-01,2.8897841145881564,2.6490121735855836,Huber,pre,Wage,wage_target_6,6,1
2017-05-01,2.502402313749297,2.725977340231914,Huber,pre,Wage,wage_target_6,6,1
2017-06-01,2.7983061902381756,2.649551146262171,Huber,pre,Wage,wage_target_6,6,1
2017-09-01,2.6997035341790543,2.764637240907579,Huber,pre,Wage,wage_target_6,6,1
2017-10-01,3.0706463493276104,2.777230066271553,Huber,pre,Wage,wage_target_6,6,1
2017-12-01,2.9817920925030883,2.8737072544815945,Huber,pre,Wage,wage_target_6,6,1
2018-04-01,3.3899116627546633,3.0753934719719647,Huber,pre,Wage,wage_target_6,6,1
2016-01-01,2.506887502120314,2.458388589219554,RandomForest,pre,Wage,wage_target_6,6,1
2016-05-01,2.486434510959068,2.455448886536227,RandomForest,pre,Wage,wage_target_6,6,1
2016-06-01,2.405460616396926,2.5150567336476137,RandomForest,pre,Wage,wage_target_6,6,1
2016-09-01,2.621471609352799,2.456036820956316,RandomForest,pre,Wage,wage_target_6,6,1
2017-03-01,2.8897841145881564,2.4899495213742497,RandomForest,pre,Wage,wage_target_6,6,1
2017-05-01,2.502402313749297,2.5257549067381144,RandomForest,pre,Wage,wage_target_6,6,1
2017-06-01,2.7983061902381756,2.449888824658146,RandomForest,pre,Wage,wage_target_6,6,1
2017-09-01,2.6997035341790543,2.737061908809401,RandomForest,pre,Wage,wage_target_6,6,1
2017-10-01,3.0706463493276104,2.737061908809401,RandomForest,pre,Wage,wage_target_6,6,1
2017-12-01,2.9817920925030883,2.791130244049228,RandomForest,pre,Wage,wage_target_6,6,1
2018-04-01,3.3899116627546633,3.0260535991109454,RandomForest,pre,Wage,wage_target_6,6,1
2016-01-01,2.506887502120314,2.604919206138846,GradientBoosting,pre,Wage,wage_target_6,6,1
2016-05-01,2.486434510959068,2.5914786943190893,GradientBoosting,pre,Wage,wage_target_6,6,1
2016-06-01,2.405460616396926,2.616638152656634,GradientBoosting,pre,Wage,wage_target_6,6,1
2016-09-01,2.621471609352799,2.631223726460968,GradientBoosting,pre,Wage,wage_target_6,6,1
2017-03-01,2.8897841145881564,2.4289653993733475,GradientBoosting,pre,Wage,wage_target_6,6,1
2017-05-01,2.502402313749297,2.427425535783142,GradientBoosting,pre,Wage,wage_target_6,6,1
2017-06-01,2.7983061902381756,2.4017892058137806,GradientBoosting,pre,Wage,wage_target_6,6,1
2017-09-01,2.6997035341790543,2.441683849812349,GradientBoosting,pre,Wage,wage_target_6,6,1
2017-10-01,3.0706463493276104,2.314812130545275,GradientBoosting,pre,Wage,wage_target_6,6,1
2017-12-01,2.9817920925030883,2.339555421449948,GradientBoosting,pre,Wage,wage_target_6,6,1
2018-04-01,3.3899116627546633,2.862079463721453,GradientBoosting,pre,Wage,wage_target_6,6,1
2023-02-01,4.415453797417701,4.502666533793498,Persistence,post,Wage,wage_target_6,6,1
2023-07-01,3.6300762340979458,4.502666533793498,Persistence,post,Wage,wage_target_6,6,1
2023-02-01,4.415453797417701,4.54516592068903,OLS,post,Wage,wage_target_6,6,1
2023-07-01,3.6300762340979458,4.84595325461261,OLS,post,Wage,wage_target_6,6,1
2023-02-01,4.415453797417701,4.4940961688217715,Ridge,post,Wage,wage_target_6,6,1
2023-07-01,3.6300762340979458,4.557783351786262,Ridge,post,Wage,wage_target_6,6,1
2023-02-01,4.415453797417701,4.549702358768896,ElasticNet,post,Wage,wage_target_6,6,1
2023-07-01,3.6300762340979458,4.676355265791946,ElasticNet,post,Wage,wage_target_6,6,1
2023-02-01,4.415453797417701,4.639982957936867,Huber,post,Wage,wage_target_6,6,1
2023-07-01,3.6300762340979458,5.004019654505951,Huber,post,Wage,wage_target_6,6,1
2023-02-01,4.415453797417701,4.704109459989548,RandomForest,post,Wage,wage_target_6,6,1
2023-07-01,3.6300762340979458,4.704109459989548,RandomForest,post,Wage,wage_target_6,6,1
2023-02-01,4.415453797417701,4.709729107842469,GradientBoosting,post,Wage,wage_target_6,6,1
2023-07-01,3.6300762340979458,4.709729107842469,GradientBoosting,post,Wage,wage_target_6,6,1
2023-11-01,4.170437814296424,3.6300762340979458,Persistence,post,Wage,wage_target_6,6,2
2023-12-01,4.155993698349025,3.6300762340979458,Persistence,post,Wage,wage_target_6,6,2
2023-11-01,4.170437814296424,3.7214409795969297,OLS,post,Wage,wage_target_6,6,2
2023-12-01,4.155993698349025,3.942492375330792,OLS,post,Wage,wage_target_6,6,2
2023-11-01,4.170437814296424,3.8805537770327345,Ridge,post,Wage,wage_target_6,6,2
2023-12-01,4.155993698349025,4.059074458691139,Ridge,post,Wage,wage_target_6,6,2
2023-11-01,4.170437814296424,3.8591718595547144,ElasticNet,post,Wage,wage_target_6,6,2
2023-12-01,4.155993698349025,4.03514677169702,ElasticNet,post,Wage,wage_target_6,6,2
2023-11-01,4.170437814296424,3.6576125202620693,Huber,post,Wage,wage_target_6,6,2
2023-12-01,4.155993698349025,3.900996718175861,Huber,post,Wage,wage_target_6,6,2
2023-11-01,4.170437814296424,4.5780269918368655,RandomForest,post,Wage,wage_target_6,6,2
2023-12-01,4.155993698349025,4.5780269918368655,RandomForest,post,Wage,wage_target_6,6,2
2023-11-01,4.170437814296424,4.572225455793755,GradientBoosting,post,Wage,wage_target_6,6,2
2023-12-01,4.155993698349025,4.572225455793755,GradientBoosting,post,Wage,wage_target_6,6,2
2024-03-01,3.9435482511276376,4.155993698349025,Persistence,post,Wage,wage_target_6,6,3
2024-05-01,4.029076531860465,4.155993698349025,Persistence,post,Wage,wage_target_6,6,3
2024-03-01,3.9435482511276376,4.117592407556139,OLS,post,Wage,wage_target_6,6,3
2024-05-01,4.029076531860465,4.261106183460662,OLS,post,Wage,wage_target_6,6,3
2024-03-01,3.9435482511276376,4.141754513892212,Ridge,post,Wage,wage_target_6,6,3
2024-05-01,4.029076531860465,4.2830646980735425,Ridge,post,Wage,wage_target_6,6,3
2024-03-01,3.9435482511276376,4.129353449419201,ElasticNet,post,Wage,wage_target_6,6,3
2024-05-01,4.029076531860465,4.28540112531547,ElasticNet,post,Wage,wage_target_6,6,3
2024-03-01,3.9435482511276376,4.191533070367273,Huber,post,Wage,wage_target_6,6,3
2024-05-01,4.029076531860465,4.356212824141933,Huber,post,Wage,wage_target_6,6,3
2024-03-01,3.9435482511276376,4.478592336458891,RandomForest,post,Wage,wage_target_6,6,3
2024-05-01,4.029076531860465,4.478592336458891,RandomForest,post,Wage,wage_target_6,6,3
2024-03-01,3.9435482511276376,4.179104044922073,GradientBoosting,post,Wage,wage_target_6,6,3
2024-05-01,4.029076531860465,4.179104044922073,GradientBoosting,post,Wage,wage_target_6,6,3
2024-07-01,4.286684120549467,4.029076531860465,Persistence,post,Wage,wage_target_6,6,4
2025-03-01,3.241383954231658,4.029076531860465,Persistence,post,Wage,wage_target_6,6,4
2024-07-01,4.286684120549467,4.115056354582418,OLS,post,Wage,wage_target_6,6,4
2025-03-01,3.241383954231658,3.8964873807919234,OLS,post,Wage,wage_target_6,6,4
2024-07-01,4.286684120549467,4.160361053825274,Ridge,post,Wage,wage_target_6,6,4
2025-03-01,3.241383954231658,4.019532965607572,Ridge,post,Wage,wage_target_6,6,4
2024-07-01,4.286684120549467,4.197828567223995,ElasticNet,post,Wage,wage_target_6,6,4
2025-03-01,3.241383954231658,4.050499789961514,ElasticNet,post,Wage,wage_target_6,6,4
2024-07-01,4.286684120549467,4.209154532035193,Huber,post,Wage,wage_target_6,6,4
2025-03-01,3.241383954231658,3.9422725313892224,Huber,post,Wage,wage_target_6,6,4
2024-07-01,4.286684120549467,4.303853741711301,RandomForest,post,Wage,wage_target_6,6,4
2025-03-01,3.241383954231658,4.322158581177635,RandomForest,post,Wage,wage_target_6,6,4
2024-07-01,4.286684120549467,4.169919061744021,GradientBoosting,post,Wage,wage_target_6,6,4
2025-03-01,3.241383954231658,4.533997288936577,GradientBoosting,post,Wage,wage_target_6,6,4
2025-08-01,3.626130988872944,3.241383954231658,Persistence,post,Wage,wage_target_6,6,5
2025-09-01,3.671809393378389,3.241383954231658,Persistence,post,Wage,wage_target_6,6,5
2025-08-01,3.626130988872944,3.68400118206218,OLS,post,Wage,wage_target_6,6,5
2025-09-01,3.671809393378389,3.790778427486912,OLS,post,Wage,wage_target_6,6,5
2025-08-01,3.626130988872944,3.8051499285480874,Ridge,post,Wage,wage_target_6,6,5
2025-09-01,3.671809393378389,3.894856205515207,Ridge,post,Wage,wage_target_6,6,5
2025-08-01,3.626130988872944,3.786657293610639,ElasticNet,post,Wage,wage_target_6,6,5
2025-09-01,3.671809393378389,3.871066991178353,ElasticNet,post,Wage,wage_target_6,6,5
2025-08-01,3.626130988872944,3.747647508977474,Huber,post,Wage,wage_target_6,6,5
2025-09-01,3.671809393378389,3.849027449619297,Huber,post,Wage,wage_target_6,6,5
2025-08-01,3.626130988872944,4.074465709936161,RandomForest,post,Wage,wage_target_6,6,5
2025-09-01,3.671809393378389,4.074465709936161,RandomForest,post,Wage,wage_target_6,6,5
2025-08-01,3.626130988872944,3.91921468397901,GradientBoosting,post,Wage,wage_target_6,6,5
2025-09-01,3.671809393378389,3.91921468397901,GradientBoosting,post,Wage,wage_target_6,6,5
2024-01-01,3.897520757795592,4.03099804652558,Persistence,post,Wage,wage_target_12,12,1
2024-06-01,3.7835534342704142,4.03099804652558,Persistence,post,Wage,wage_target_12,12,1
2024-07-01,3.8858837316606554,4.03099804652558,Persistence,post,Wage,wage_target_12,12,1
2024-09-01,3.776128816897417,4.03099804652558,Persistence,post,Wage,wage_target_12,12,1
2024-10-01,3.845031798928389,4.03099804652558,Persistence,post,Wage,wage_target_12,12,1
2024-01-01,3.897520757795592,3.0037001461702477,OLS,post,Wage,wage_target_12,12,1
2024-06-01,3.7835534342704142,3.2898811448073357,OLS,post,Wage,wage_target_12,12,1
2024-07-01,3.8858837316606554,3.381024120675586,OLS,post,Wage,wage_target_12,12,1
2024-09-01,3.776128816897417,3.341830524237684,OLS,post,Wage,wage_target_12,12,1
2024-10-01,3.845031798928389,3.079245877376747,OLS,post,Wage,wage_target_12,12,1
2024-01-01,3.897520757795592,4.131521205490799,Ridge,post,Wage,wage_target_12,12,1
2024-06-01,3.7835534342704142,4.499779732950512,Ridge,post,Wage,wage_target_12,12,1
2024-07-01,3.8858837316606554,4.5681116805480935,Ridge,post,Wage,wage_target_12,12,1
2024-09-01,3.776128816897417,4.563571881544513,Ridge,post,Wage,wage_target_12,12,1
2024-10-01,3.845031798928389,4.482893344898075,Ridge,post,Wage,wage_target_12,12,1
2024-01-01,3.897520757795592,4.596035904119131,ElasticNet,post,Wage,wage_target_12,12,1
2024-06-01,3.7835534342704142,5.151549632083289,ElasticNet,post,Wage,wage_target_12,12,1
2024-07-01,3.8858837316606554,5.2232144058363374,ElasticNet,post,Wage,wage_target_12,12,1
2024-09-01,3.776128816897417,5.320661967010043,ElasticNet,post,Wage,wage_target_12,12,1
2024-10-01,3.845031798928389,5.230591688741329,ElasticNet,post,Wage,wage_target_12,12,1
2024-01-01,3.897520757795592,3.7695661247237418,Huber,post,Wage,wage_target_12,12,1
2024-06-01,3.7835534342704142,4.246191871437676,Huber,post,Wage,wage_target_12,12,1
2024-07-01,3.8858837316606554,4.330303207151389,Huber,post,Wage,wage_target_12,12,1
2024-09-01,3.776128816897417,4.406946811402543,Huber,post,Wage,wage_target_12,12,1
2024-10-01,3.845031798928389,4.191030072966269,Huber,post,Wage,wage_target_12,12,1
2024-01-01,3.897520757795592,4.5285720602105535,RandomForest,post,Wage,wage_target_12,12,1
2024-06-01,3.7835534342704142,4.5285720602105535,RandomForest,post,Wage,wage_target_12,12,1
2024-07-01,3.8858837316606554,4.5285720602105535,RandomForest,post,Wage,wage_target_12,12,1
2024-09-01,3.776128816897417,4.5285720602105535,RandomForest,post,Wage,wage_target_12,12,1
2024-10-01,3.845031798928389,4.5285720602105535,RandomForest,post,Wage,wage_target_12,12,1
2024-01-01,3.897520757795592,4.539368623907719,GradientBoosting,post,Wage,wage_target_12,12,1
2024-06-01,3.7835534342704142,4.539368623907719,GradientBoosting,post,Wage,wage_target_12,12,1
2024-07-01,3.8858837316606554,4.539368623907719,GradientBoosting,post,Wage,wage_target_12,12,1
2024-09-01,3.776128816897417,4.539368623907719,GradientBoosting,post,Wage,wage_target_12,12,1
2024-10-01,3.845031798928389,4.539368623907719,GradientBoosting,post,Wage,wage_target_12,12,1
2024-03-01,1.5226273833484072,1.9807242843889128,Persistence,post,CPI,cpi_target_6,6,1
2024-03-01,1.5226273833484072,1.4464347826160253,OLS,post,CPI,cpi_target_6,6,1
2024-03-01,1.5226273833484072,2.1748034064438264,Ridge,post,CPI,cpi_target_6,6,1
2024-03-01,1.5226273833484072,1.810624654396391,ElasticNet,post,CPI,cpi_target_6,6,1
2024-03-01,1.5226273833484072,1.3374243856412686,Huber,post,CPI,cpi_target_6,6,1
2024-03-01,1.5226273833484072,3.428968454013765,RandomForest,post,CPI,cpi_target_6,6,1
2024-03-01,1.5226273833484072,3.4077884051784624,GradientBoosting,post,CPI,cpi_target_6,6,1
2024-05-01,2.1299131110961156,1.5226273833484072,Persistence,post,CPI,cpi_target_6,6,2
2024-05-01,2.1299131110961156,0.9917660197842089,OLS,post,CPI,cpi_target_6,6,2
2024-05-01,2.1299131110961156,1.7462138011582418,Ridge,post,CPI,cpi_target_6,6,2
2024-05-01,2.1299131110961156,1.3651342467730498,ElasticNet,post,CPI,cpi_target_6,6,2
2024-05-01,2.1299131110961156,1.0890343134150897,Huber,post,CPI,cpi_target_6,6,2
2024-05-01,2.1299131110961156,3.165159532719249,RandomForest,post,CPI,cpi_target_6,6,2
2024-05-01,2.1299131110961156,3.220620176223525,GradientBoosting,post,CPI,cpi_target_6,6,2
2024-12-01,2.398004438209256,2.1299131110961156,Persistence,post,CPI,cpi_target_6,6,3
2024-12-01,2.398004438209256,2.6168209652243677,OLS,post,CPI,cpi_target_6,6,3
2024-12-01,2.398004438209256,2.7087590655692266,Ridge,post,CPI,cpi_target_6,6,3
2024-12-01,2.398004438209256,2.5626971332744404,ElasticNet,post,CPI,cpi_target_6,6,3
2024-12-01,2.398004438209256,2.456181078982974,Huber,post,CPI,cpi_target_6,6,3
2024-12-01,2.398004438209256,3.076209915145564,RandomForest,post,CPI,cpi_target_6,6,3
2024-12-01,2.398004438209256,3.100004571207435,GradientBoosting,post,CPI,cpi_target_6,6,3
2025-08-01,2.5626127577751845,2.398004438209256,Persistence,post,CPI,cpi_target_6,6,4
2025-08-01,2.5626127577751845,3.1983211947820713,OLS,post,CPI,cpi_target_6,6,4
2025-08-01,2.5626127577751845,2.904865952035863,Ridge,post,CPI,cpi_target_6,6,4
2025-08-01,2.5626127577751845,2.660036862483734,ElasticNet,post,CPI,cpi_target_6,6,4
2025-08-01,2.5626127577751845,3.023211831322405,Huber,post,CPI,cpi_target_6,6,4
2025-08-01,2.5626127577751845,2.994300138736773,RandomForest,post,CPI,cpi_target_6,6,4
2025-08-01,2.5626127577751845,3.026824404524387,GradientBoosting,post,CPI,cpi_target_6,6,4
2025-02-01,2.1673579293786105,2.6428306229396625,Persistence,post,PCE,pce_target_6,6,1
2025-02-01,2.1673579293786105,2.6399601745476406,OLS,post,PCE,pce_target_6,6,1
2025-02-01,2.1673579293786105,2.8189011261144996,Ridge,post,PCE,pce_target_6,6,1
2025-02-01,2.1673579293786105,2.6767868970235065,ElasticNet,post,PCE,pce_target_6,6,1
2025-02-01,2.1673579293786105,2.4514336652764777,Huber,post,PCE,pce_target_6,6,1
2025-02-01,2.1673579293786105,4.055377092386173,RandomForest,post,PCE,pce_target_6,6,1
2025-02-01,2.1673579293786105,4.045017280602604,GradientBoosting,post,PCE,pce_target_6,6,1
2025-06-01,2.8717510141383684,2.1673579293786105,Persistence,post,PCE,pce_target_6,6,2
2025-06-01,2.8717510141383684,2.527909999910958,OLS,post,PCE,pce_target_6,6,2
2025-06-01,2.8717510141383684,2.659166606855382,Ridge,post,PCE,pce_target_6,6,2
2025-06-01,2.8717510141383684,2.6152674847706296,ElasticNet,post,PCE,pce_target_6,6,2
2025-06-01,2.8717510141383684,2.6273547943161297,Huber,post,PCE,pce_target_6,6,2
2025-06-01,2.8717510141383684,3.807892605025961,RandomForest,post,PCE,pce_target_6,6,2
2025-06-01,2.8717510141383684,3.8364773930704152,GradientBoosting,post,PCE,pce_target_6,6,2
2025-07-01,3.133794700143966,2.8717510141383684,Persistence,post,PCE,pce_target_6,6,3
2025-07-01,3.133794700143966,2.667922741290111,OLS,post,PCE,pce_target_6,6,3
2025-07-01,3.133794700143966,2.742687065776224,Ridge,post,PCE,pce_target_6,6,3
2025-07-01,3.133794700143966,2.7196451429155717,ElasticNet,post,PCE,pce_target_6,6,3
2025-07-01,3.133794700143966,2.707349084288823,Huber,post,PCE,pce_target_6,6,3
2025-07-01,3.133794700143966,3.7233306378046027,RandomForest,post,PCE,pce_target_6,6,3
2025-07-01,3.133794700143966,3.6966928277116127,GradientBoosting,post,PCE,pce_target_6,6,3
2023-04-01,2.7869551142379656,3.2317337085593145,Persistence,post,PCE,pce_target_12,12,1
2023-07-01,2.5612938009445863,3.2317337085593145,Persistence,post,PCE,pce_target_12,12,1
2024-07-01,2.5721812482315087,3.2317337085593145,Persistence,post,PCE,pce_target_12,12,1
2023-04-01,2.7869551142379656,-10.096544799285084,OLS,post,PCE,pce_target_12,12,1
2023-07-01,2.5612938009445863,-11.365300480580274,OLS,post,PCE,pce_target_12,12,1
2024-07-01,2.5721812482315087,-11.94405402398775,OLS,post,PCE,pce_target_12,12,1
2023-04-01,2.7869551142379656,0.9704191186004545,Ridge,post,PCE,pce_target_12,12,1
2023-07-01,2.5612938009445863,1.4737125794857553,Ridge,post,PCE,pce_target_12,12,1
2024-07-01,2.5721812482315087,2.434839892792896,Ridge,post,PCE,pce_target_12,12,1
2023-04-01,2.7869551142379656,1.059125757021481,ElasticNet,post,PCE,pce_target_12,12,1
2023-07-01,2.5612938009445863,1.707294796810734,ElasticNet,post,PCE,pce_target_12,12,1
2024-07-01,2.5721812482315087,2.9320862024139003,ElasticNet,post,PCE,pce_target_12,12,1
2023-04-01,2.7869551142379656,0.9489783278268549,Huber,post,PCE,pce_target_12,12,1
2023-07-01,2.5612938009445863,1.6189330661655417,Huber,post,PCE,pce_target_12,12,1
2024-07-01,2.5721812482315087,2.8949760666082747,Huber,post,PCE,pce_target_12,12,1
2023-04-01,2.7869551142379656,5.582055370300476,RandomForest,post,PCE,pce_target_12,12,1
2023-07-01,2.5612938009445863,5.582055370300476,RandomForest,post,PCE,pce_target_12,12,1
2024-07-01,2.5721812482315087,5.582055370300476,RandomForest,post,PCE,pce_target_12,12,1
2023-04-01,2.7869551142379656,5.5687387347347235,GradientBoosting,post,PCE,pce_target_12,12,1
2023-07-01,2.5612938009445863,5.5687387347347235,GradientBoosting,post,PCE,pce_target_12,12,1
2024-07-01,2.5721812482315087,5.5687387347347235,GradientBoosting,post,PCE,pce_target_12,12,1
